"id","tournament_title","tournament_link","tournament_year","tournament_start_date","last_update"
55,Laver Cup,/en/scores/archive/laver-cup/9210/2019/draws?matchtype=singles,2019,2019-09-20 00:00:00,
3,Pune,/en/scores/archive/pune/891/2019/draws?matchtype=singles,2019,2018-12-31 00:00:00,2020-09-29 11:03:58
4,Sydney,/en/scores/archive/sydney/338/2019/draws?matchtype=singles,2019,2019-01-06 00:00:00,2020-09-29 11:04:01
5,Auckland,/en/scores/archive/auckland/301/2019/draws?matchtype=singles,2019,2019-01-07 00:00:00,2020-09-29 11:04:05
6,Australian Open,/en/scores/archive/australian-open/580/2019/draws?matchtype=singles,2019,2019-01-14 00:00:00,2020-09-29 11:06:06
7,Cordoba,/en/scores/archive/cordoba/9158/2019/draws?matchtype=singles,2019,2019-02-04 00:00:00,2020-09-29 11:06:19
8,Montpellier,/en/scores/archive/montpellier/375/2019/draws?matchtype=singles,2019,2019-02-04 00:00:00,2020-09-29 11:06:22
9,Sofia,/en/scores/archive/sofia/7434/2019/draws?matchtype=singles,2019,2019-02-04 00:00:00,2020-09-29 11:06:27
10,Rotterdam,/en/scores/archive/rotterdam/407/2019/draws?matchtype=singles,2019,2019-02-11 00:00:00,2020-09-29 11:06:35
12,Buenos Aires,/en/scores/archive/buenos-aires/506/2019/draws?matchtype=singles,2019,2019-02-11 00:00:00,2020-09-29 11:06:40
13,Rio de Janeiro,/en/scores/archive/rio-de-janeiro/6932/2019/draws?matchtype=singles,2019,2019-02-18 00:00:00,2020-09-29 11:06:43
14,Marseille,/en/scores/archive/marseille/496/2019/draws?matchtype=singles,2019,2019-02-18 00:00:00,2020-09-29 11:06:44
15,Delray Beach,/en/scores/archive/delray-beach/499/2019/draws?matchtype=singles,2019,2019-02-18 00:00:00,2020-09-29 11:06:46
16,Dubai,/en/scores/archive/dubai/495/2019/draws?matchtype=singles,2019,2019-02-25 00:00:00,2020-09-29 11:06:48
17,Acapulco,/en/scores/archive/acapulco/807/2019/draws?matchtype=singles,2019,2019-02-25 00:00:00,2020-09-29 11:06:50
18,Sao Paulo,/en/scores/archive/sao-paulo/533/2019/draws?matchtype=singles,2019,2019-02-25 00:00:00,2020-09-29 11:06:52
19,ATP Masters 1000 Indian Wells,/en/scores/archive/indian-wells/404/2019/draws?matchtype=singles,2019,2019-03-07 00:00:00,2020-09-29 11:06:57
21,Houston,/en/scores/archive/houston/717/2019/draws?matchtype=singles,2019,2019-04-08 00:00:00,2020-09-29 11:07:03
22,Marrakech,/en/scores/archive/marrakech/360/2019/draws?matchtype=singles,2019,2019-04-08 00:00:00,2020-09-29 11:07:05
23,ATP Masters 1000 Monte Carlo,/en/scores/archive/monte-carlo/410/2019/draws?matchtype=singles,2019,2019-04-14 00:00:00,2020-09-29 11:07:07
24,Barcelona,/en/scores/archive/barcelona/425/2019/draws?matchtype=singles,2019,2019-04-22 00:00:00,2020-09-29 11:07:10
25,Budapest,/en/scores/archive/budapest/7648/2019/draws?matchtype=singles,2019,2019-04-22 00:00:00,2020-09-29 11:07:12
26,Estoril,/en/scores/archive/estoril/7290/2019/draws?matchtype=singles,2019,2019-04-29 00:00:00,2020-09-29 11:07:14
27,Munich,/en/scores/archive/munich/308/2019/draws?matchtype=singles,2019,2019-04-29 00:00:00,2020-09-29 11:07:15
28,ATP Masters 1000 Madrid,/en/scores/archive/madrid/1536/2019/draws?matchtype=singles,2019,2019-05-05 00:00:00,2020-09-29 11:07:19
29,ATP Masters 1000 Rome,/en/scores/archive/rome/416/2019/draws?matchtype=singles,2019,2019-05-12 00:00:00,2020-09-29 11:07:21
30,Geneva,/en/scores/archive/geneva/322/2019/draws?matchtype=singles,2019,2019-05-19 00:00:00,2020-09-29 11:07:23
31,Lyon,/en/scores/archive/lyon/7694/2019/draws?matchtype=singles,2019,2019-05-19 00:00:00,2020-09-29 11:07:24
32,Roland Garros,/en/scores/archive/roland-garros/520/2019/draws?matchtype=singles,2019,2019-05-26 00:00:00,2020-09-29 11:07:29
34,s-Hertogenbosch,/en/scores/archive/s-hertogenbosch/440/2019/draws?matchtype=singles,2019,2019-06-10 00:00:00,2020-09-29 11:07:33
35,Halle,/en/scores/archive/halle/500/2019/draws?matchtype=singles,2019,2019-06-17 00:00:00,2020-09-29 11:07:34
36,London / Queens Club,/en/scores/archive/london/311/2019/draws?matchtype=singles,2019,2019-06-17 00:00:00,2020-09-29 11:07:36
37,Antalya,/en/scores/archive/antalya/7650/2019/draws?matchtype=singles,2019,2019-06-23 00:00:00,2020-09-29 11:07:38
38,Eastbourne,/en/scores/archive/eastbourne/741/2019/draws?matchtype=singles,2019,2019-06-24 00:00:00,2020-09-29 11:07:40
39,Wimbledon,/en/scores/archive/wimbledon/540/2019/draws?matchtype=singles,2019,2019-07-01 00:00:00,2020-09-29 11:07:45
40,Newport,/en/scores/archive/newport/315/2019/draws?matchtype=singles,2019,2019-07-14 00:00:00,2020-09-29 11:07:46
41,Bastad,/en/scores/archive/bastad/316/2019/draws?matchtype=singles,2019,2019-07-15 00:00:00,2020-09-29 11:07:48
42,Umag,/en/scores/archive/umag/439/2019/draws?matchtype=singles,2019,2019-07-15 00:00:00,2020-09-29 11:07:50
43,Hamburg,/en/scores/archive/hamburg/414/2019/draws?matchtype=singles,2019,2019-07-22 00:00:00,2020-09-29 11:07:52
45,Gstaad,/en/scores/archive/gstaad/314/2019/draws?matchtype=singles,2019,2019-07-22 00:00:00,2020-09-29 11:07:56
46,Washington,/en/scores/archive/washington/418/2019/draws?matchtype=singles,2019,2019-07-27 00:00:00,2020-09-29 11:07:59
47,Los Cabos,/en/scores/archive/los-cabos/7480/2019/draws?matchtype=singles,2019,2019-07-29 00:00:00,2020-09-29 11:08:00
48,Kitzbuhel,/en/scores/archive/kitzbuhel/319/2019/draws?matchtype=singles,2019,2019-07-29 00:00:00,2020-09-29 11:08:02
49,ATP Masters 1000 Canada,/en/scores/archive/montreal/421/2019/draws?matchtype=singles,2019,2019-08-05 00:00:00,2020-09-29 11:08:05
50,ATP Masters 1000 Cincinnati,/en/scores/archive/cincinnati/422/2019/draws?matchtype=singles,2019,2019-08-11 00:00:00,2020-09-29 11:08:08
51,Winston-Salem,/en/scores/archive/winston-salem/6242/2019/draws?matchtype=singles,2019,2019-08-18 00:00:00,2020-09-29 11:08:11
52,US Open,/en/scores/archive/us-open/560/2019/draws?matchtype=singles,2019,2019-08-26 00:00:00,2020-09-29 11:08:15
54,Metz,/en/scores/archive/metz/341/2019/draws?matchtype=singles,2019,2019-09-15 00:00:00,2020-09-29 11:08:19
56,Chengdu,/en/scores/archive/chengdu/7581/2019/draws?matchtype=singles,2019,2019-09-23 00:00:00,2020-09-29 11:11:10
57,Zhuhai,/en/scores/archive/zhuhai/9164/2019/draws?matchtype=singles,2019,2019-09-23 00:00:00,2020-09-29 11:11:11
58,Beijing,/en/scores/archive/beijing/747/2019/draws?matchtype=singles,2019,2019-09-30 00:00:00,2020-09-29 11:11:13
59,Tokyo,/en/scores/archive/tokyo/329/2019/draws?matchtype=singles,2019,2019-09-30 00:00:00,2020-09-29 11:11:15
60,ATP Masters 1000 Shanghai,/en/scores/archive/shanghai/5014/2019/draws?matchtype=singles,2019,2019-10-06 00:00:00,2020-09-29 11:11:18
61,Moscow,/en/scores/archive/moscow/438/2019/draws?matchtype=singles,2019,2019-10-14 00:00:00,2020-09-29 11:11:20
62,Antwerp,/en/scores/archive/antwerp/7485/2019/draws?matchtype=singles,2019,2019-10-14 00:00:00,2020-09-29 11:11:22
63,Stockholm,/en/scores/archive/stockholm/429/2019/draws?matchtype=singles,2019,2019-10-14 00:00:00,2020-09-29 11:11:24
64,Vienna,/en/scores/archive/vienna/337/2019/draws?matchtype=singles,2019,2019-10-21 00:00:00,2020-09-29 11:11:26
65,Basel,/en/scores/archive/basel/328/2019/draws?matchtype=singles,2019,2019-10-21 00:00:00,2020-09-29 11:11:28
67,Next Gen ATP Finals,/en/scores/archive/next-gen-atp-finals/7696/2019/draws?matchtype=singles,2019,2019-11-05 00:00:00,2020-09-29 11:11:31
68,Nitto ATP Finals,/en/scores/archive/nitto-atp-finals/605/2019/draws?matchtype=singles,2019,2019-11-10 00:00:00,2020-09-29 11:11:32
124,Laver Cup,/en/scores/archive/laver-cup/9210/2018/draws?matchtype=singles,2018,2018-09-21 00:00:00,
70,Doha,/en/scores/archive/doha/451/2018/draws?matchtype=singles,2018,2018-01-01 00:00:00,2020-09-29 11:11:36
71,Pune,/en/scores/archive/pune/891/2018/draws?matchtype=singles,2018,2018-01-01 00:00:00,2020-09-29 11:11:38
73,Auckland,/en/scores/archive/auckland/301/2018/draws?matchtype=singles,2018,2018-01-08 00:00:00,2020-09-29 11:11:42
74,Australian Open,/en/scores/archive/australian-open/580/2018/draws?matchtype=singles,2018,2018-01-15 00:00:00,2020-09-29 11:11:47
75,Montpellier,/en/scores/archive/montpellier/375/2018/draws?matchtype=singles,2018,2018-02-05 00:00:00,2020-09-29 11:11:49
76,Quito,/en/scores/archive/quito/7161/2018/draws?matchtype=singles,2018,2018-02-05 00:00:00,2020-09-29 11:11:50
77,Sofia,/en/scores/archive/sofia/7434/2018/draws?matchtype=singles,2018,2018-02-05 00:00:00,2020-09-29 11:11:52
78,Rotterdam,/en/scores/archive/rotterdam/407/2018/draws?matchtype=singles,2018,2018-02-12 00:00:00,2020-09-29 11:11:54
79,New York,/en/scores/archive/new-york/424/2018/draws?matchtype=singles,2018,2018-02-12 00:00:00,2020-09-29 11:11:56
80,Buenos Aires,/en/scores/archive/buenos-aires/506/2018/draws?matchtype=singles,2018,2018-02-12 00:00:00,2020-09-29 11:11:58
82,Marseille,/en/scores/archive/marseille/496/2018/draws?matchtype=singles,2018,2018-02-19 00:00:00,2020-09-29 11:12:01
83,Delray Beach,/en/scores/archive/delray-beach/499/2018/draws?matchtype=singles,2018,2018-02-19 00:00:00,2020-09-29 11:12:04
84,Dubai,/en/scores/archive/dubai/495/2018/draws?matchtype=singles,2018,2018-02-26 00:00:00,2020-09-29 11:12:05
85,Acapulco,/en/scores/archive/acapulco/807/2018/draws?matchtype=singles,2018,2018-02-26 00:00:00,2020-09-29 11:12:07
86,Sao Paulo,/en/scores/archive/sao-paulo/533/2018/draws?matchtype=singles,2018,2018-02-26 00:00:00,2020-09-29 11:12:09
87,ATP Masters 1000 Indian Wells,/en/scores/archive/indian-wells/404/2018/draws?matchtype=singles,2018,2018-03-08 00:00:00,2020-09-29 11:12:14
88,ATP Masters 1000 Miami,/en/scores/archive/miami/403/2018/draws?matchtype=singles,2018,2018-03-21 00:00:00,2020-09-29 11:12:19
89,Houston,/en/scores/archive/houston/717/2018/draws?matchtype=singles,2018,2018-04-09 00:00:00,2020-09-29 11:12:21
90,Marrakech,/en/scores/archive/marrakech/360/2018/draws?matchtype=singles,2018,2018-04-09 00:00:00,2020-09-29 11:12:23
92,Barcelona,/en/scores/archive/barcelona/425/2018/draws?matchtype=singles,2018,2018-04-23 00:00:00,2020-09-29 11:12:28
93,Budapest,/en/scores/archive/budapest/7648/2018/draws?matchtype=singles,2018,2018-04-23 00:00:00,2020-09-29 11:12:30
94,Estoril,/en/scores/archive/estoril/7290/2018/draws?matchtype=singles,2018,2018-04-30 00:00:00,2020-09-29 11:12:32
95,Munich,/en/scores/archive/munich/308/2018/draws?matchtype=singles,2018,2018-04-30 00:00:00,2020-09-29 11:12:34
96,Istanbul,/en/scores/archive/istanbul/7163/2018/draws?matchtype=singles,2018,2018-04-30 00:00:00,2020-09-29 11:12:36
97,ATP Masters 1000 Madrid,/en/scores/archive/madrid/1536/2018/draws?matchtype=singles,2018,2018-05-06 00:00:00,2020-09-29 11:12:38
98,ATP Masters 1000 Rome,/en/scores/archive/rome/416/2018/draws?matchtype=singles,2018,2018-05-13 00:00:00,2020-09-29 11:12:41
99,Lyon,/en/scores/archive/lyon/7694/2018/draws?matchtype=singles,2018,2018-05-20 00:00:00,2020-09-29 11:12:43
100,Geneva,/en/scores/archive/geneva/322/2018/draws?matchtype=singles,2018,2018-05-21 00:00:00,2020-09-29 11:12:44
101,Roland Garros,/en/scores/archive/roland-garros/520/2018/draws?matchtype=singles,2018,2018-05-27 00:00:00,2020-09-29 11:12:49
102,Stuttgart,/en/scores/archive/stuttgart/321/2018/draws?matchtype=singles,2018,2018-06-11 00:00:00,2020-09-29 11:12:51
103,s-Hertogenbosch,/en/scores/archive/s-hertogenbosch/440/2018/draws?matchtype=singles,2018,2018-06-11 00:00:00,2020-09-29 11:12:52
104,Halle,/en/scores/archive/halle/500/2018/draws?matchtype=singles,2018,2018-06-18 00:00:00,2020-09-29 11:12:54
106,Antalya,/en/scores/archive/antalya/7650/2018/draws?matchtype=singles,2018,2018-06-24 00:00:00,2020-09-29 11:12:58
107,Eastbourne,/en/scores/archive/eastbourne/741/2018/draws?matchtype=singles,2018,2018-06-25 00:00:00,2020-09-29 11:13:00
108,Wimbledon,/en/scores/archive/wimbledon/540/2018/draws?matchtype=singles,2018,2018-07-02 00:00:00,2020-09-29 11:13:04
109,Newport,/en/scores/archive/newport/315/2018/draws?matchtype=singles,2018,2018-07-16 00:00:00,2020-09-29 11:13:06
110,Bastad,/en/scores/archive/bastad/316/2018/draws?matchtype=singles,2018,2018-07-16 00:00:00,2020-09-29 11:13:08
111,Umag,/en/scores/archive/umag/439/2018/draws?matchtype=singles,2018,2018-07-16 00:00:00,2020-09-29 11:13:10
112,Hamburg,/en/scores/archive/hamburg/414/2018/draws?matchtype=singles,2018,2018-07-23 00:00:00,2020-09-29 11:13:12
113,Atlanta,/en/scores/archive/atlanta/6116/2018/draws?matchtype=singles,2018,2018-07-23 00:00:00,2020-09-29 11:13:14
114,Gstaad,/en/scores/archive/gstaad/314/2018/draws?matchtype=singles,2018,2018-07-23 00:00:00,2020-09-29 11:13:16
115,Washington,/en/scores/archive/washington/418/2018/draws?matchtype=singles,2018,2018-07-30 00:00:00,2020-09-29 11:13:19
117,Kitzbuhel,/en/scores/archive/kitzbuhel/319/2018/draws?matchtype=singles,2018,2018-07-30 00:00:00,2020-09-29 11:13:23
118,ATP Masters 1000 Canada,/en/scores/archive/toronto/421/2018/draws?matchtype=singles,2018,2018-08-06 00:00:00,2020-09-29 11:13:25
119,ATP Masters 1000 Cincinnati,/en/scores/archive/cincinnati/422/2018/draws?matchtype=singles,2018,2018-08-12 00:00:00,2020-09-29 11:13:28
120,Winston-Salem,/en/scores/archive/winston-salem/6242/2018/draws?matchtype=singles,2018,2018-08-19 00:00:00,2020-09-29 11:13:31
121,US Open,/en/scores/archive/us-open/560/2018/draws?matchtype=singles,2018,2018-08-27 00:00:00,2020-09-29 11:13:36
122,St. Petersburg,/en/scores/archive/st-petersburg/568/2018/draws?matchtype=singles,2018,2018-09-17 00:00:00,2020-09-29 11:13:38
123,Metz,/en/scores/archive/metz/341/2018/draws?matchtype=singles,2018,2018-09-17 00:00:00,2020-09-29 11:13:40
125,Chengdu,/en/scores/archive/chengdu/7581/2018/draws?matchtype=singles,2018,2018-09-24 00:00:00,2020-09-29 11:13:42
126,Shenzhen,/en/scores/archive/shenzhen/6967/2018/draws?matchtype=singles,2018,2018-09-24 00:00:00,2020-09-29 11:13:44
127,Beijing,/en/scores/archive/beijing/747/2018/draws?matchtype=singles,2018,2018-10-01 00:00:00,2020-09-29 11:13:45
128,Tokyo,/en/scores/archive/tokyo/329/2018/draws?matchtype=singles,2018,2018-10-01 00:00:00,2020-09-29 11:13:47
130,Moscow,/en/scores/archive/moscow/438/2018/draws?matchtype=singles,2018,2018-10-15 00:00:00,2020-09-29 11:16:31
131,Antwerp,/en/scores/archive/antwerp/7485/2018/draws?matchtype=singles,2018,2018-10-15 00:00:00,2020-09-29 11:16:35
132,Stockholm,/en/scores/archive/stockholm/429/2018/draws?matchtype=singles,2018,2018-10-15 00:00:00,2020-09-29 11:16:39
133,Vienna,/en/scores/archive/vienna/337/2018/draws?matchtype=singles,2018,2018-10-22 00:00:00,2020-09-29 11:16:41
134,Basel,/en/scores/archive/basel/328/2018/draws?matchtype=singles,2018,2018-10-22 00:00:00,2020-09-29 11:16:44
135,ATP Masters 1000 Paris,/en/scores/archive/paris/352/2018/draws?matchtype=singles,2018,2018-10-29 00:00:00,2020-09-29 11:16:48
136,Next Gen ATP Finals,/en/scores/archive/next-gen-atp-finals/7696/2018/draws?matchtype=singles,2018,2018-11-06 00:00:00,2020-09-29 11:16:49
193,Laver Cup,/en/scores/archive/laver-cup/9210/2017/draws?matchtype=singles,2017,2017-09-22 00:00:00,
138,Brisbane,/en/scores/archive/brisbane/339/2017/draws?matchtype=singles,2017,2017-01-01 00:00:00,2020-09-29 11:16:52
139,Doha,/en/scores/archive/doha/451/2017/draws?matchtype=singles,2017,2017-01-02 00:00:00,2020-09-29 11:16:54
141,Sydney,/en/scores/archive/sydney/338/2017/draws?matchtype=singles,2017,2017-01-08 00:00:00,2020-09-29 11:16:58
142,Auckland,/en/scores/archive/auckland/301/2017/draws?matchtype=singles,2017,2017-01-09 00:00:00,2020-09-29 11:17:00
143,Australian Open,/en/scores/archive/australian-open/580/2017/draws?matchtype=singles,2017,2017-01-16 00:00:00,2020-09-29 11:17:05
144,Montpellier,/en/scores/archive/montpellier/375/2017/draws?matchtype=singles,2017,2017-02-06 00:00:00,2020-09-29 11:17:07
145,Quito,/en/scores/archive/quito/7161/2017/draws?matchtype=singles,2017,2017-02-06 00:00:00,2020-09-29 11:17:09
146,Sofia,/en/scores/archive/sofia/7434/2017/draws?matchtype=singles,2017,2017-02-06 00:00:00,2020-09-29 11:17:11
147,Rotterdam,/en/scores/archive/rotterdam/407/2017/draws?matchtype=singles,2017,2017-02-13 00:00:00,2020-09-29 11:17:13
148,Memphis,/en/scores/archive/memphis/424/2017/draws?matchtype=singles,2017,2017-02-13 00:00:00,2020-09-29 11:17:15
149,Buenos Aires,/en/scores/archive/buenos-aires/506/2017/draws?matchtype=singles,2017,2017-02-13 00:00:00,2020-09-29 11:17:17
151,Marseille,/en/scores/archive/marseille/496/2017/draws?matchtype=singles,2017,2017-02-20 00:00:00,2020-09-29 11:17:21
152,Delray Beach,/en/scores/archive/delray-beach/499/2017/draws?matchtype=singles,2017,2017-02-20 00:00:00,2020-09-29 11:17:23
153,Dubai,/en/scores/archive/dubai/495/2017/draws?matchtype=singles,2017,2017-02-27 00:00:00,2020-09-29 11:17:25
154,Acapulco,/en/scores/archive/acapulco/807/2017/draws?matchtype=singles,2017,2017-02-27 00:00:00,2020-09-29 11:17:27
155,Sao Paulo,/en/scores/archive/sao-paulo/533/2017/draws?matchtype=singles,2017,2017-02-27 00:00:00,2020-09-29 11:17:29
156,ATP Masters 1000 Indian Wells,/en/scores/archive/indian-wells/404/2017/draws?matchtype=singles,2017,2017-03-09 00:00:00,2020-09-29 11:17:34
157,ATP Masters 1000 Miami,/en/scores/archive/miami/403/2017/draws?matchtype=singles,2017,2017-03-22 00:00:00,2020-09-29 11:17:39
158,Houston,/en/scores/archive/houston/717/2017/draws?matchtype=singles,2017,2017-04-10 00:00:00,2020-09-29 11:17:41
159,Marrakech,/en/scores/archive/marrakech/360/2017/draws?matchtype=singles,2017,2017-04-10 00:00:00,2020-09-29 11:17:43
161,Barcelona,/en/scores/archive/barcelona/425/2017/draws?matchtype=singles,2017,2017-04-24 00:00:00,2020-09-29 11:17:49
162,Budapest,/en/scores/archive/budapest/7648/2017/draws?matchtype=singles,2017,2017-04-24 00:00:00,2020-09-29 11:17:51
163,Estoril,/en/scores/archive/estoril/7290/2017/draws?matchtype=singles,2017,2017-05-01 00:00:00,2020-09-29 11:17:53
164,Munich,/en/scores/archive/munich/308/2017/draws?matchtype=singles,2017,2017-05-01 00:00:00,2020-09-29 11:17:55
165,Istanbul,/en/scores/archive/istanbul/7163/2017/draws?matchtype=singles,2017,2017-05-01 00:00:00,2020-09-29 11:17:57
166,ATP Masters 1000 Madrid,/en/scores/archive/madrid/1536/2017/draws?matchtype=singles,2017,2017-05-07 00:00:00,2020-09-29 11:18:00
167,ATP Masters 1000 Rome,/en/scores/archive/rome/416/2017/draws?matchtype=singles,2017,2017-05-14 00:00:00,2020-09-29 11:18:03
168,Geneva,/en/scores/archive/geneva/322/2017/draws?matchtype=singles,2017,2017-05-21 00:00:00,2020-09-29 11:18:05
169,Lyon,/en/scores/archive/lyon/7694/2017/draws?matchtype=singles,2017,2017-05-21 00:00:00,2020-09-29 11:18:06
170,Roland Garros,/en/scores/archive/roland-garros/520/2017/draws?matchtype=singles,2017,2017-05-28 00:00:00,2020-09-29 11:18:11
171,Stuttgart,/en/scores/archive/stuttgart/321/2017/draws?matchtype=singles,2017,2017-06-12 00:00:00,2020-09-29 11:18:13
172,s-Hertogenbosch,/en/scores/archive/s-hertogenbosch/440/2017/draws?matchtype=singles,2017,2017-06-12 00:00:00,2020-09-29 11:18:15
173,Halle,/en/scores/archive/halle/500/2017/draws?matchtype=singles,2017,2017-06-19 00:00:00,2020-09-29 11:18:17
175,Antalya,/en/scores/archive/antalya/7650/2017/draws?matchtype=singles,2017,2017-06-25 00:00:00,2020-09-29 11:18:21
176,Eastbourne,/en/scores/archive/eastbourne/741/2017/draws?matchtype=singles,2017,2017-06-26 00:00:00,2020-09-29 11:18:22
177,Wimbledon,/en/scores/archive/wimbledon/540/2017/draws?matchtype=singles,2017,2017-07-03 00:00:00,2020-09-29 11:18:28
178,Newport,/en/scores/archive/newport/315/2017/draws?matchtype=singles,2017,2017-07-17 00:00:00,2020-09-29 11:18:29
179,Bastad,/en/scores/archive/bastad/316/2017/draws?matchtype=singles,2017,2017-07-17 00:00:00,2020-09-29 11:18:31
180,Umag,/en/scores/archive/umag/439/2017/draws?matchtype=singles,2017,2017-07-17 00:00:00,2020-09-29 11:18:33
181,Hamburg,/en/scores/archive/hamburg/414/2017/draws?matchtype=singles,2017,2017-07-24 00:00:00,2020-09-29 11:18:35
182,Atlanta,/en/scores/archive/atlanta/6116/2017/draws?matchtype=singles,2017,2017-07-24 00:00:00,2020-09-29 11:18:37
183,Gstaad,/en/scores/archive/gstaad/314/2017/draws?matchtype=singles,2017,2017-07-24 00:00:00,2020-09-29 11:18:39
184,Washington,/en/scores/archive/washington/418/2017/draws?matchtype=singles,2017,2017-07-31 00:00:00,2020-09-29 11:18:42
186,Kitzbuhel,/en/scores/archive/kitzbuhel/319/2017/draws?matchtype=singles,2017,2017-07-31 00:00:00,2020-09-29 11:18:46
187,ATP Masters 1000 Canada,/en/scores/archive/montreal/421/2017/draws?matchtype=singles,2017,2017-08-07 00:00:00,2020-09-29 11:18:49
188,ATP Masters 1000 Cincinnati,/en/scores/archive/cincinnati/422/2017/draws?matchtype=singles,2017,2017-08-13 00:00:00,2020-09-29 11:18:52
189,Winston-Salem,/en/scores/archive/winston-salem/6242/2017/draws?matchtype=singles,2017,2017-08-20 00:00:00,2020-09-29 11:18:55
190,US Open,/en/scores/archive/us-open/560/2017/draws?matchtype=singles,2017,2017-08-28 00:00:00,2020-09-29 11:19:00
191,St. Petersburg,/en/scores/archive/st-petersburg/568/2017/draws?matchtype=singles,2017,2017-09-18 00:00:00,2020-09-29 11:19:02
192,Metz,/en/scores/archive/metz/341/2017/draws?matchtype=singles,2017,2017-09-18 00:00:00,2020-09-29 11:19:04
194,Chengdu,/en/scores/archive/chengdu/7581/2017/draws?matchtype=singles,2017,2017-09-25 00:00:00,2020-09-29 11:19:06
195,Shenzhen,/en/scores/archive/shenzhen/6967/2017/draws?matchtype=singles,2017,2017-09-25 00:00:00,2020-09-29 11:19:09
196,Beijing,/en/scores/archive/beijing/747/2017/draws?matchtype=singles,2017,2017-10-02 00:00:00,2020-09-29 11:19:11
197,Tokyo,/en/scores/archive/tokyo/329/2017/draws?matchtype=singles,2017,2017-10-02 00:00:00,2020-09-29 11:19:12
199,Moscow,/en/scores/archive/moscow/438/2017/draws?matchtype=singles,2017,2017-10-16 00:00:00,2020-09-29 11:19:18
200,Antwerp,/en/scores/archive/antwerp/7485/2017/draws?matchtype=singles,2017,2017-10-16 00:00:00,2020-09-29 11:19:20
201,Stockholm,/en/scores/archive/stockholm/429/2017/draws?matchtype=singles,2017,2017-10-16 00:00:00,2020-09-29 11:19:21
202,Vienna,/en/scores/archive/vienna/337/2017/draws?matchtype=singles,2017,2017-10-23 00:00:00,2020-09-29 11:19:23
203,Basel,/en/scores/archive/basel/328/2017/draws?matchtype=singles,2017,2017-10-23 00:00:00,2020-09-29 11:19:25
204,ATP Masters 1000 Paris,/en/scores/archive/paris/352/2017/draws?matchtype=singles,2017,2017-10-30 00:00:00,2020-09-29 11:19:28
206,Nitto ATP Finals,/en/scores/archive/nitto-atp-finals/605/2017/draws?matchtype=singles,2017,2017-11-12 00:00:00,
207,ATP Cup,/en/scores/archive/atp-cup/8888/2020/draws?matchtype=singles,2020,2020-01-03 00:00:00,
224,ATP Masters 1000 Indian Wells,/en/scores/archive/indian-wells/404/2020/draws?matchtype=singles,2020,2020-03-12 00:00:00,
225,ATP Masters 1000 Miami,/en/scores/archive/miami/403/2020/draws?matchtype=singles,2020,2020-03-25 00:00:00,
226,Houston,/en/scores/archive/houston/717/2020/draws?matchtype=singles,2020,2020-04-06 00:00:00,
227,Marrakech,/en/scores/archive/marrakech/360/2020/draws?matchtype=singles,2020,2020-04-06 00:00:00,
228,ATP Masters 1000 Monte Carlo,/en/scores/archive/monte-carlo/410/2020/draws?matchtype=singles,2020,2020-04-12 00:00:00,
229,Barcelona,/en/scores/archive/barcelona/425/2020/draws?matchtype=singles,2020,2020-04-20 00:00:00,
230,Budapest,/en/scores/archive/budapest/7648/2020/draws?matchtype=singles,2020,2020-04-20 00:00:00,
231,Munich,/en/scores/archive/munich/308/2020/draws?matchtype=singles,2020,2020-04-27 00:00:00,
232,Estoril,/en/scores/archive/estoril/7290/2020/draws?matchtype=singles,2020,2020-04-27 00:00:00,
233,Geneva,/en/scores/archive/geneva/322/2020/draws?matchtype=singles,2020,2020-05-17 00:00:00,
234,Lyon,/en/scores/archive/lyon/7694/2020/draws?matchtype=singles,2020,2020-05-17 00:00:00,
235,Stuttgart,/en/scores/archive/stuttgart/321/2020/draws?matchtype=singles,2020,2020-06-08 00:00:00,
236,s-Hertogenbosch,/en/scores/archive/s-hertogenbosch/440/2020/draws?matchtype=singles,2020,2020-06-08 00:00:00,
237,London / Queens Club,/en/scores/archive/london/311/2020/draws?matchtype=singles,2020,2020-06-15 00:00:00,
238,Halle,/en/scores/archive/halle/500/2020/draws?matchtype=singles,2020,2020-06-15 00:00:00,
239,Mallorca,/en/scores/archive/mallorca/8994/2020/draws?matchtype=singles,2020,2020-06-21 00:00:00,
240,Eastbourne,/en/scores/archive/eastbourne/741/2020/draws?matchtype=singles,2020,2020-06-22 00:00:00,
241,Wimbledon,/en/scores/archive/wimbledon/540/2020/draws?matchtype=singles,2020,2020-06-29 00:00:00,
242,Newport,/en/scores/archive/newport/315/2020/draws?matchtype=singles,2020,2020-07-13 00:00:00,
243,Bastad,/en/scores/archive/bastad/316/2020/draws?matchtype=singles,2020,2020-07-13 00:00:00,
244,Los Cabos,/en/scores/archive/los-cabos/7480/2020/draws?matchtype=singles,2020,2020-07-20 00:00:00,
245,Umag,/en/scores/archive/umag/439/2020/draws?matchtype=singles,2020,2020-07-20 00:00:00,
246,Gstaad,/en/scores/archive/gstaad/314/2020/draws?matchtype=singles,2020,2020-07-20 00:00:00,
247,Tokyo Olympics,/en/scores/archive/tokyo/96/2020/draws?matchtype=singles,2020,2020-07-25 00:00:00,
248,Atlanta,/en/scores/archive/atlanta/6116/2020/draws?matchtype=singles,2020,2020-07-27 00:00:00,
249,ATP Masters 1000 Canada,/en/scores/archive/toronto/421/2020/draws?matchtype=singles,2020,2020-08-10 00:00:00,
250,Washington,/en/scores/archive/washington/418/2020/draws?matchtype=singles,2020,2020-08-14 00:00:00,
252,Winston-Salem,/en/scores/archive/winston-salem/6242/2020/draws?matchtype=singles,2020,2020-08-23 00:00:00,
255,ATP Masters 1000 Madrid,/en/scores/archive/madrid/1536/2020/draws?matchtype=singles,2020,2020-09-13 00:00:00,
257,Hamburg,/en/scores/current/hamburg/414/draws?matchtype=singles,2020,2020-09-21 00:00:00,
258,Metz,/en/scores/archive/metz/341/2020/draws?matchtype=singles,2020,2020-09-21 00:00:00,
259,Laver Cup,/en/scores/archive/laver-cup/9210/2020/draws?matchtype=singles,2020,2020-09-25 00:00:00,
1,Doha,/en/scores/archive/doha/451/2019/draws?matchtype=singles,2019,2018-12-31 00:00:00,2020-09-29 11:03:16
2,Brisbane,/en/scores/archive/brisbane/339/2019/draws?matchtype=singles,2019,2018-12-31 00:00:00,2020-09-29 11:03:39
11,New York,/en/scores/archive/new-york/424/2019/draws?matchtype=singles,2019,2019-02-11 00:00:00,2020-09-29 11:06:38
20,ATP Masters 1000 Miami,/en/scores/archive/miami/403/2019/draws?matchtype=singles,2019,2019-03-20 00:00:00,2020-09-29 11:07:01
33,Stuttgart,/en/scores/archive/stuttgart/321/2019/draws?matchtype=singles,2019,2019-06-10 00:00:00,2020-09-29 11:07:31
44,Atlanta,/en/scores/archive/atlanta/6116/2019/draws?matchtype=singles,2019,2019-07-22 00:00:00,2020-09-29 11:07:54
53,St. Petersburg,/en/scores/archive/st-petersburg/568/2019/draws?matchtype=singles,2019,2019-09-15 00:00:00,2020-09-29 11:08:17
66,ATP Masters 1000 Paris,/en/scores/archive/paris/352/2019/draws?matchtype=singles,2019,2019-10-28 00:00:00,2020-09-29 11:11:31
69,Brisbane,/en/scores/archive/brisbane/339/2018/draws?matchtype=singles,2018,2017-12-31 00:00:00,2020-09-29 11:11:34
208,Doha,/en/scores/archive/doha/451/2020/draws?matchtype=singles,2020,2020-01-06 00:00:00,2020-09-29 11:19:32
209,Adelaide,/en/scores/archive/adelaide/8998/2020/draws?matchtype=singles,2020,2020-01-12 00:00:00,2020-09-29 11:19:34
210,Auckland,/en/scores/archive/auckland/301/2020/draws?matchtype=singles,2020,2020-01-13 00:00:00,2020-09-29 11:19:36
211,Australian Open,/en/scores/archive/australian-open/580/2020/draws?matchtype=singles,2020,2020-01-20 00:00:00,2020-09-29 11:19:41
212,Cordoba,/en/scores/archive/cordoba/9158/2020/draws?matchtype=singles,2020,2020-02-03 00:00:00,2020-09-29 11:19:43
213,Pune,/en/scores/archive/pune/891/2020/draws?matchtype=singles,2020,2020-02-03 00:00:00,2020-09-29 11:19:45
215,Rotterdam,/en/scores/archive/rotterdam/407/2020/draws?matchtype=singles,2020,2020-02-10 00:00:00,2020-09-29 11:19:49
216,New York,/en/scores/archive/new-york/424/2020/draws?matchtype=singles,2020,2020-02-10 00:00:00,2020-09-29 11:19:51
217,Buenos Aires,/en/scores/archive/buenos-aires/506/2020/draws?matchtype=singles,2020,2020-02-10 00:00:00,2020-09-29 11:19:53
218,Rio de Janeiro,/en/scores/archive/rio-de-janeiro/6932/2020/draws?matchtype=singles,2020,2020-02-17 00:00:00,2020-09-29 11:19:55
219,Marseille,/en/scores/archive/marseille/496/2020/draws?matchtype=singles,2020,2020-02-17 00:00:00,2020-09-29 11:19:56
220,Delray Beach,/en/scores/archive/delray-beach/499/2020/draws?matchtype=singles,2020,2020-02-17 00:00:00,2020-09-29 11:19:59
221,Dubai,/en/scores/archive/dubai/495/2020/draws?matchtype=singles,2020,2020-02-24 00:00:00,2020-09-29 11:20:00
222,Acapulco,/en/scores/archive/acapulco/807/2020/draws?matchtype=singles,2020,2020-02-24 00:00:00,2020-09-29 11:20:02
223,Santiago,/en/scores/archive/santiago/8996/2020/draws?matchtype=singles,2020,2020-02-24 00:00:00,2020-09-29 11:20:04
253,US Open,/en/scores/archive/us-open/560/2020/draws?matchtype=singles,2020,2020-08-31 00:00:00,2020-09-29 11:20:31
254,Kitzbuhel,/en/scores/archive/kitzbuhel/319/2020/draws?matchtype=singles,2020,2020-09-08 00:00:00,2020-09-29 11:20:33
256,ATP Masters 1000 Rome,/en/scores/archive/rome/416/2020/draws?matchtype=singles,2020,2020-09-14 00:00:00,2020-10-04 23:38:46
261,Chengdu,/en/scores/archive/chengdu/7581/2019/draws?matchtype=singles,2020,2020-09-28 00:00:00,2020-10-15 01:30:00
262,Zhuhai,/en/scores/archive/zhuhai/9164/2019/draws?matchtype=singles,2020,2020-09-28 00:00:00,2020-10-15 01:29:57
260,Roland Garros,/en/scores/current/roland-garros/520/draws?matchtype=singles,2020,2020-09-27 00:00:00,2020-10-13 14:13:09
72,Sydney,/en/scores/archive/sydney/338/2018/draws?matchtype=singles,2018,2018-01-07 00:00:00,2020-09-29 11:11:40
81,Rio de Janeiro,/en/scores/archive/rio-de-janeiro/6932/2018/draws?matchtype=singles,2018,2018-02-19 00:00:00,2020-09-29 11:12:00
91,ATP Masters 1000 Monte Carlo,/en/scores/archive/monte-carlo/410/2018/draws?matchtype=singles,2018,2018-04-15 00:00:00,2020-09-29 11:12:25
105,London / Queens Club,/en/scores/archive/london/311/2018/draws?matchtype=singles,2018,2018-06-18 00:00:00,2020-09-29 11:12:56
116,Los Cabos,/en/scores/archive/los-cabos/7480/2018/draws?matchtype=singles,2018,2018-07-30 00:00:00,2020-09-29 11:13:21
129,ATP Masters 1000 Shanghai,/en/scores/archive/shanghai/5014/2018/draws?matchtype=singles,2018,2018-10-07 00:00:00,2020-09-29 11:16:25
137,Nitto ATP Finals,/en/scores/archive/nitto-atp-finals/605/2018/draws?matchtype=singles,2018,2018-11-11 00:00:00,2020-09-29 11:16:50
140,Chennai,/en/scores/archive/chennai/891/2017/draws?matchtype=singles,2017,2017-01-02 00:00:00,2020-09-29 11:16:56
150,Rio de Janeiro,/en/scores/archive/rio-de-janeiro/6932/2017/draws?matchtype=singles,2017,2017-02-20 00:00:00,2020-09-29 11:17:19
160,ATP Masters 1000 Monte Carlo,/en/scores/archive/monte-carlo/410/2017/draws?matchtype=singles,2017,2017-04-16 00:00:00,2020-09-29 11:17:46
174,London / Queens Club,/en/scores/archive/london/311/2017/draws?matchtype=singles,2017,2017-06-19 00:00:00,2020-09-29 11:18:19
185,Los Cabos,/en/scores/archive/los-cabos/7480/2017/draws?matchtype=singles,2017,2017-07-31 00:00:00,2020-09-29 11:18:44
198,ATP Masters 1000 Shanghai,/en/scores/archive/shanghai/5014/2017/draws?matchtype=singles,2017,2017-10-08 00:00:00,2020-09-29 11:19:15
205,Next Gen ATP Finals,/en/scores/archive/next-gen-atp-finals/7696/2017/draws?matchtype=singles,2017,2017-11-07 00:00:00,2020-09-29 11:19:29
214,Montpellier,/en/scores/archive/montpellier/375/2020/draws?matchtype=singles,2020,2020-02-03 00:00:00,2020-09-29 11:19:47
251,ATP Masters 1000 Cincinnati,/en/scores/archive/new-york/422/2020/draws?matchtype=singles,2020,2020-08-22 00:00:00,2020-09-29 11:20:25
275,Memphis,/en/scores/archive/memphis/402/2010/draws?matchtype=singles,2010,2010-02-15 00:00:00,
292,World Team Cup,/en/scores/archive/dusseldorf/615/2010/draws?matchtype=singles,2010,2010-05-16 00:00:00,
264,Doha,/en/scores/archive/doha/451/2010/draws?matchtype=singles,2010,2010-01-04 00:00:00,2020-09-29 11:22:32
265,Chennai,/en/scores/archive/chennai/891/2010/draws?matchtype=singles,2010,2010-01-04 00:00:00,2020-09-29 11:22:34
266,Sydney,/en/scores/archive/sydney/338/2010/draws?matchtype=singles,2010,2010-01-11 00:00:00,2020-09-29 11:22:36
267,Auckland,/en/scores/archive/auckland/301/2010/draws?matchtype=singles,2010,2010-01-11 00:00:00,2020-09-29 11:22:38
269,Johannesburg,/en/scores/archive/johannesburg/5012/2010/draws?matchtype=singles,2010,2010-02-01 00:00:00,2020-09-29 11:22:46
270,Santiago,/en/scores/archive/santiago/505/2010/draws?matchtype=singles,2010,2010-02-01 00:00:00,2020-09-29 11:22:48
271,Zagreb,/en/scores/archive/zagreb/2276/2010/draws?matchtype=singles,2010,2010-02-01 00:00:00,2020-09-29 11:22:51
272,Rotterdam,/en/scores/archive/rotterdam/407/2010/draws?matchtype=singles,2010,2010-02-08 00:00:00,2020-09-29 11:22:53
273,San Jose,/en/scores/archive/san-jose/424/2010/draws?matchtype=singles,2010,2010-02-08 00:00:00,2020-09-29 11:22:55
274,Costa do Sauipe,/en/scores/archive/costa-do-sauipe/533/2010/draws?matchtype=singles,2010,2010-02-08 00:00:00,2020-09-29 11:22:57
276,Marseille,/en/scores/archive/marseille/496/2010/draws?matchtype=singles,2010,2010-02-15 00:00:00,2020-09-29 11:23:02
277,Buenos Aires,/en/scores/archive/buenos-aires/506/2010/draws?matchtype=singles,2010,2010-02-15 00:00:00,2020-09-29 11:23:04
278,Dubai,/en/scores/archive/dubai/495/2010/draws?matchtype=singles,2010,2010-02-22 00:00:00,2020-09-29 11:23:06
279,Acapulco,/en/scores/archive/acapulco/807/2010/draws?matchtype=singles,2010,2010-02-22 00:00:00,2020-09-29 11:23:08
280,Delray Beach,/en/scores/archive/delray-beach/499/2010/draws?matchtype=singles,2010,2010-02-22 00:00:00,2020-09-29 11:23:10
282,ATP Masters 1000 Miami,/en/scores/archive/miami/403/2010/draws?matchtype=singles,2010,2010-03-24 00:00:00,2020-09-29 11:23:20
283,Houston,/en/scores/archive/houston/717/2010/draws?matchtype=singles,2010,2010-04-05 00:00:00,2020-09-29 11:23:22
284,Casablanca,/en/scores/archive/casablanca/360/2010/draws?matchtype=singles,2010,2010-04-05 00:00:00,2020-09-29 11:23:24
285,ATP Masters 1000 Monte Carlo,/en/scores/archive/monte-carlo/410/2010/draws?matchtype=singles,2010,2010-04-11 00:00:00,2020-09-29 11:23:27
286,Barcelona,/en/scores/archive/barcelona/425/2010/draws?matchtype=singles,2010,2010-04-19 00:00:00,2020-09-29 11:23:30
287,ATP Masters 1000 Rome,/en/scores/archive/rome/416/2010/draws?matchtype=singles,2010,2010-04-25 00:00:00,2020-09-29 11:23:33
288,Munich,/en/scores/archive/munich/308/2010/draws?matchtype=singles,2010,2010-05-02 00:00:00,2020-09-29 11:23:36
289,Estoril,/en/scores/archive/estoril/468/2010/draws?matchtype=singles,2010,2010-05-03 00:00:00,2020-09-29 11:23:38
290,Belgrade,/en/scores/archive/belgrade/5053/2010/draws?matchtype=singles,2010,2010-05-03 00:00:00,2020-09-29 11:23:40
291,ATP Masters 1000 Madrid,/en/scores/archive/madrid/1536/2010/draws?matchtype=singles,2010,2010-05-09 00:00:00,2020-09-29 11:23:43
293,Nice,/en/scores/archive/nice/6120/2010/draws?matchtype=singles,2010,2010-05-16 00:00:00,2020-09-29 11:23:46
295,Halle,/en/scores/archive/halle/500/2010/draws?matchtype=singles,2010,2010-06-07 00:00:00,2020-09-29 11:23:53
296,London / Queens Club,/en/scores/archive/london/311/2010/draws?matchtype=singles,2010,2010-06-07 00:00:00,2020-09-29 11:23:56
297,Eastbourne,/en/scores/archive/eastbourne/741/2010/draws?matchtype=singles,2010,2010-06-13 00:00:00,2020-09-29 11:23:58
298,s-Hertogenbosch,/en/scores/archive/s-hertogenbosch/440/2010/draws?matchtype=singles,2010,2010-06-13 00:00:00,2020-09-29 11:24:00
299,Wimbledon,/en/scores/archive/wimbledon/540/2010/draws?matchtype=singles,2010,2010-06-21 00:00:00,2020-09-29 11:24:05
300,Newport,/en/scores/archive/newport/315/2010/draws?matchtype=singles,2010,2010-07-05 00:00:00,2020-09-29 11:24:07
301,Bastad,/en/scores/archive/bastad/316/2010/draws?matchtype=singles,2010,2010-07-12 00:00:00,2020-09-29 11:24:09
302,Stuttgart,/en/scores/archive/stuttgart/321/2010/draws?matchtype=singles,2010,2010-07-12 00:00:00,2020-09-29 11:24:11
303,Hamburg,/en/scores/archive/hamburg/414/2010/draws?matchtype=singles,2010,2010-07-19 00:00:00,2020-09-29 11:24:14
304,Atlanta,/en/scores/archive/atlanta/6116/2010/draws?matchtype=singles,2010,2010-07-19 00:00:00,2020-09-29 11:24:16
305,Gstaad,/en/scores/archive/gstaad/314/2010/draws?matchtype=singles,2010,2010-07-25 00:00:00,2020-09-29 11:24:18
307,Umag,/en/scores/archive/umag/439/2010/draws?matchtype=singles,2010,2010-07-26 00:00:00,2020-09-29 11:24:22
308,Washington,/en/scores/archive/washington/418/2010/draws?matchtype=singles,2010,2010-08-01 00:00:00,2020-09-29 11:24:25
309,ATP Masters 1000 Canada,/en/scores/archive/toronto/421/2010/draws?matchtype=singles,2010,2010-08-09 00:00:00,2020-09-29 11:24:28
310,ATP Masters 1000 Cincinnati,/en/scores/archive/cincinnati/422/2010/draws?matchtype=singles,2010,2010-08-15 00:00:00,2020-09-29 11:24:31
311,New Haven,/en/scores/archive/new-haven/3348/2010/draws?matchtype=singles,2010,2010-08-22 00:00:00,2020-09-29 11:24:34
341,Memphis,/en/scores/archive/memphis/402/2011/draws?matchtype=singles,2011,2011-02-14 00:00:00,
358,World Team Cup,/en/scores/archive/dusseldorf/615/2011/draws?matchtype=singles,2011,2011-05-15 00:00:00,
314,Bucharest,/en/scores/archive/bucharest/773/2010/draws?matchtype=singles,2010,2010-09-20 00:00:00,2020-09-29 11:24:43
315,Kuala Lumpur,/en/scores/archive/kuala-lumpur/6003/2010/draws?matchtype=singles,2010,2010-09-27 00:00:00,2020-09-29 11:24:45
316,Bangkok,/en/scores/archive/bangkok/1720/2010/draws?matchtype=singles,2010,2010-09-27 00:00:00,2020-09-29 11:24:48
317,Beijing,/en/scores/archive/beijing/747/2010/draws?matchtype=singles,2010,2010-10-04 00:00:00,2020-09-29 11:24:50
318,Tokyo,/en/scores/archive/tokyo/329/2010/draws?matchtype=singles,2010,2010-10-04 00:00:00,2020-09-29 11:24:52
319,ATP Masters 1000 Shanghai,/en/scores/archive/shanghai/5014/2010/draws?matchtype=singles,2010,2010-10-10 00:00:00,2020-09-29 11:24:55
320,Moscow,/en/scores/archive/moscow/438/2010/draws?matchtype=singles,2010,2010-10-18 00:00:00,2020-09-29 11:24:57
321,Stockholm,/en/scores/archive/stockholm/429/2010/draws?matchtype=singles,2010,2010-10-18 00:00:00,2020-09-29 11:24:59
323,Montpellier,/en/scores/archive/montpellier/375/2010/draws?matchtype=singles,2010,2010-10-25 00:00:00,2020-09-29 11:25:03
324,Vienna,/en/scores/archive/vienna/337/2010/draws?matchtype=singles,2010,2010-10-25 00:00:00,2020-09-29 11:25:05
325,Valencia,/en/scores/archive/valencia/573/2010/draws?matchtype=singles,2010,2010-10-31 00:00:00,2020-09-29 11:25:07
326,Basel,/en/scores/archive/basel/328/2010/draws?matchtype=singles,2010,2010-11-01 00:00:00,2020-09-29 11:25:09
327,ATP Masters 1000 Paris,/en/scores/archive/paris/352/2010/draws?matchtype=singles,2010,2010-11-07 00:00:00,2020-09-29 11:25:12
328,ATP Finals,/en/scores/archive/atp-finals/605/2010/draws?matchtype=singles,2010,2010-11-21 00:00:00,2020-09-29 11:25:13
329,Brisbane,/en/scores/archive/brisbane/339/2011/draws?matchtype=singles,2011,2011-01-02 00:00:00,2020-09-29 11:25:15
330,Doha,/en/scores/archive/doha/451/2011/draws?matchtype=singles,2011,2011-01-03 00:00:00,2020-09-29 11:25:17
331,Chennai,/en/scores/archive/chennai/891/2011/draws?matchtype=singles,2011,2011-01-03 00:00:00,2020-09-29 11:25:19
332,Sydney,/en/scores/archive/sydney/338/2011/draws?matchtype=singles,2011,2011-01-10 00:00:00,2020-09-29 11:25:20
333,Auckland,/en/scores/archive/auckland/301/2011/draws?matchtype=singles,2011,2011-01-10 00:00:00,2020-09-29 11:25:22
335,Johannesburg,/en/scores/archive/johannesburg/5012/2011/draws?matchtype=singles,2011,2011-01-31 00:00:00,2020-09-29 11:25:30
336,Santiago,/en/scores/archive/santiago/505/2011/draws?matchtype=singles,2011,2011-01-31 00:00:00,2020-09-29 11:25:32
337,Zagreb,/en/scores/archive/zagreb/2276/2011/draws?matchtype=singles,2011,2011-01-31 00:00:00,2020-09-29 11:25:34
338,Rotterdam,/en/scores/archive/rotterdam/407/2011/draws?matchtype=singles,2011,2011-02-07 00:00:00,2020-09-29 11:25:35
339,San Jose,/en/scores/archive/san-jose/424/2011/draws?matchtype=singles,2011,2011-02-07 00:00:00,2020-09-29 11:25:37
340,Costa do Sauipe,/en/scores/archive/costa-do-sauipe/533/2011/draws?matchtype=singles,2011,2011-02-07 00:00:00,2020-09-29 11:25:39
342,Marseille,/en/scores/archive/marseille/496/2011/draws?matchtype=singles,2011,2011-02-14 00:00:00,2020-09-29 11:25:44
343,Buenos Aires,/en/scores/archive/buenos-aires/506/2011/draws?matchtype=singles,2011,2011-02-14 00:00:00,2020-09-29 11:25:46
344,Dubai,/en/scores/archive/dubai/495/2011/draws?matchtype=singles,2011,2011-02-21 00:00:00,2020-09-29 11:25:48
345,Acapulco,/en/scores/archive/acapulco/807/2011/draws?matchtype=singles,2011,2011-02-21 00:00:00,2020-09-29 11:25:50
347,ATP Masters 1000 Indian Wells,/en/scores/archive/indian-wells/404/2011/draws?matchtype=singles,2011,2011-03-10 00:00:00,2020-09-29 11:25:57
348,ATP Masters 1000 Miami,/en/scores/archive/miami/403/2011/draws?matchtype=singles,2011,2011-03-23 00:00:00,2020-09-29 11:26:02
349,Houston,/en/scores/archive/houston/717/2011/draws?matchtype=singles,2011,2011-04-04 00:00:00,2020-09-29 11:26:04
350,Casablanca,/en/scores/archive/casablanca/360/2011/draws?matchtype=singles,2011,2011-04-04 00:00:00,2020-09-29 11:26:06
351,ATP Masters 1000 Monte Carlo,/en/scores/archive/monte-carlo/410/2011/draws?matchtype=singles,2011,2011-04-10 00:00:00,2020-09-29 11:26:09
352,Barcelona,/en/scores/archive/barcelona/425/2011/draws?matchtype=singles,2011,2011-04-18 00:00:00,2020-09-29 11:26:12
353,Munich,/en/scores/archive/munich/308/2011/draws?matchtype=singles,2011,2011-04-24 00:00:00,2020-09-29 11:26:14
354,Estoril,/en/scores/archive/estoril/468/2011/draws?matchtype=singles,2011,2011-04-25 00:00:00,2020-09-29 11:26:16
355,Belgrade,/en/scores/archive/belgrade/5053/2011/draws?matchtype=singles,2011,2011-04-25 00:00:00,2020-09-29 11:26:18
357,ATP Masters 1000 Rome,/en/scores/archive/rome/416/2011/draws?matchtype=singles,2011,2011-05-08 00:00:00,2020-09-29 11:26:24
359,Nice,/en/scores/archive/nice/6120/2011/draws?matchtype=singles,2011,2011-05-15 00:00:00,2020-09-29 11:26:26
360,Roland Garros,/en/scores/archive/roland-garros/520/2011/draws?matchtype=singles,2011,2011-05-22 00:00:00,2020-09-29 11:26:31
361,Halle,/en/scores/archive/halle/500/2011/draws?matchtype=singles,2011,2011-06-06 00:00:00,2020-09-29 11:26:33
362,London / Queens Club,/en/scores/archive/london/311/2011/draws?matchtype=singles,2011,2011-06-06 00:00:00,2020-09-29 11:26:36
363,Eastbourne,/en/scores/archive/eastbourne/741/2011/draws?matchtype=singles,2011,2011-06-12 00:00:00,2020-09-29 11:26:38
364,s-Hertogenbosch,/en/scores/archive/s-hertogenbosch/440/2011/draws?matchtype=singles,2011,2011-06-12 00:00:00,2020-09-29 11:26:40
365,Wimbledon,/en/scores/archive/wimbledon/540/2011/draws?matchtype=singles,2011,2011-06-20 00:00:00,2020-09-29 11:26:45
366,Newport,/en/scores/archive/newport/315/2011/draws?matchtype=singles,2011,2011-07-04 00:00:00,2020-09-29 11:26:47
367,Bastad,/en/scores/archive/bastad/316/2011/draws?matchtype=singles,2011,2011-07-11 00:00:00,2020-09-29 11:26:49
368,Stuttgart,/en/scores/archive/stuttgart/321/2011/draws?matchtype=singles,2011,2011-07-11 00:00:00,2020-09-29 11:26:51
369,Hamburg,/en/scores/archive/hamburg/414/2011/draws?matchtype=singles,2011,2011-07-18 00:00:00,2020-09-29 11:26:53
371,Los Angeles,/en/scores/archive/los-angeles/423/2011/draws?matchtype=singles,2011,2011-07-25 00:00:00,2020-09-29 11:26:57
372,Gstaad,/en/scores/archive/gstaad/314/2011/draws?matchtype=singles,2011,2011-07-25 00:00:00,2020-09-29 11:26:59
373,Umag,/en/scores/archive/umag/439/2011/draws?matchtype=singles,2011,2011-07-25 00:00:00,2020-09-29 11:27:01
374,Washington,/en/scores/archive/washington/418/2011/draws?matchtype=singles,2011,2011-07-31 00:00:00,2020-09-29 11:27:04
375,Kitzbuhel,/en/scores/archive/kitzbuhel/319/2011/draws?matchtype=singles,2011,2011-07-31 00:00:00,2020-09-29 11:27:07
376,ATP Masters 1000 Canada,/en/scores/archive/montreal/421/2011/draws?matchtype=singles,2011,2011-08-08 00:00:00,2020-09-29 11:27:10
377,ATP Masters 1000 Cincinnati,/en/scores/archive/cincinnati/422/2011/draws?matchtype=singles,2011,2011-08-14 00:00:00,2020-09-29 11:27:13
378,Winston-Salem,/en/scores/archive/winston-salem/6242/2011/draws?matchtype=singles,2011,2011-08-21 00:00:00,2020-09-29 11:27:16
379,US Open,/en/scores/archive/us-open/560/2011/draws?matchtype=singles,2011,2011-08-29 00:00:00,2020-09-29 11:27:22
394,ATP Finals,/en/scores/archive/atp-finals/605/2011/draws?matchtype=singles,2011,2011-11-20 00:00:00,
407,Memphis,/en/scores/archive/memphis/402/2012/draws?matchtype=singles,2012,2012-02-20 00:00:00,
425,World Team Cup,/en/scores/archive/dusseldorf/615/2012/draws?matchtype=singles,2012,2012-05-20 00:00:00,
382,Kuala Lumpur,/en/scores/archive/kuala-lumpur/6003/2011/draws?matchtype=singles,2011,2011-09-26 00:00:00,2020-09-29 11:27:28
383,Bangkok,/en/scores/archive/bangkok/1720/2011/draws?matchtype=singles,2011,2011-09-26 00:00:00,2020-09-29 11:27:30
384,Beijing,/en/scores/archive/beijing/747/2011/draws?matchtype=singles,2011,2011-10-03 00:00:00,2020-09-29 11:27:32
385,Tokyo,/en/scores/archive/tokyo/329/2011/draws?matchtype=singles,2011,2011-10-03 00:00:00,2020-09-29 11:27:34
386,ATP Masters 1000 Shanghai,/en/scores/archive/shanghai/5014/2011/draws?matchtype=singles,2011,2011-10-09 00:00:00,2020-09-29 11:27:37
387,Moscow,/en/scores/archive/moscow/438/2011/draws?matchtype=singles,2011,2011-10-17 00:00:00,2020-09-29 11:27:39
388,Stockholm,/en/scores/archive/stockholm/429/2011/draws?matchtype=singles,2011,2011-10-17 00:00:00,2020-09-29 11:27:41
389,St. Petersburg,/en/scores/archive/st-petersburg/568/2011/draws?matchtype=singles,2011,2011-10-24 00:00:00,2020-09-29 11:27:43
390,Vienna,/en/scores/archive/vienna/337/2011/draws?matchtype=singles,2011,2011-10-24 00:00:00,2020-09-29 11:27:45
392,Basel,/en/scores/archive/basel/328/2011/draws?matchtype=singles,2011,2011-10-31 00:00:00,2020-09-29 11:27:49
393,ATP Masters 1000 Paris,/en/scores/archive/paris/352/2011/draws?matchtype=singles,2011,2011-11-07 00:00:00,2020-09-29 11:27:52
395,Brisbane,/en/scores/archive/brisbane/339/2012/draws?matchtype=singles,2012,2012-01-01 00:00:00,2020-09-29 11:27:55
396,Doha,/en/scores/archive/doha/451/2012/draws?matchtype=singles,2012,2012-01-02 00:00:00,2020-09-29 11:27:57
397,Chennai,/en/scores/archive/chennai/891/2012/draws?matchtype=singles,2012,2012-01-02 00:00:00,2020-09-29 11:27:59
398,Sydney,/en/scores/archive/sydney/338/2012/draws?matchtype=singles,2012,2012-01-09 00:00:00,2020-09-29 11:28:01
399,Auckland,/en/scores/archive/auckland/301/2012/draws?matchtype=singles,2012,2012-01-09 00:00:00,2020-09-29 11:28:03
400,Australian Open,/en/scores/archive/australian-open/580/2012/draws?matchtype=singles,2012,2012-01-16 00:00:00,2020-09-29 11:28:09
401,Montpellier,/en/scores/archive/montpellier/375/2012/draws?matchtype=singles,2012,2012-01-30 00:00:00,2020-09-29 11:28:11
403,Zagreb,/en/scores/archive/zagreb/2276/2012/draws?matchtype=singles,2012,2012-01-30 00:00:00,2020-09-29 11:28:15
404,Rotterdam,/en/scores/archive/rotterdam/407/2012/draws?matchtype=singles,2012,2012-02-13 00:00:00,2020-09-29 11:28:17
405,San Jose,/en/scores/archive/san-jose/424/2012/draws?matchtype=singles,2012,2012-02-13 00:00:00,2020-09-29 11:28:19
406,Sao Paulo,/en/scores/archive/sao-paulo/533/2012/draws?matchtype=singles,2012,2012-02-13 00:00:00,2020-09-29 11:28:21
408,Marseille,/en/scores/archive/marseille/496/2012/draws?matchtype=singles,2012,2012-02-20 00:00:00,2020-09-29 11:28:26
409,Buenos Aires,/en/scores/archive/buenos-aires/506/2012/draws?matchtype=singles,2012,2012-02-20 00:00:00,2020-09-29 11:28:28
410,Dubai,/en/scores/archive/dubai/495/2012/draws?matchtype=singles,2012,2012-02-27 00:00:00,2020-09-29 11:28:30
411,Acapulco,/en/scores/archive/acapulco/807/2012/draws?matchtype=singles,2012,2012-02-27 00:00:00,2020-09-29 11:28:32
412,Delray Beach,/en/scores/archive/delray-beach/499/2012/draws?matchtype=singles,2012,2012-02-27 00:00:00,2020-09-29 11:28:34
414,ATP Masters 1000 Miami,/en/scores/archive/miami/403/2012/draws?matchtype=singles,2012,2012-03-21 00:00:00,2020-09-29 11:28:45
415,Houston,/en/scores/archive/houston/717/2012/draws?matchtype=singles,2012,2012-04-09 00:00:00,2020-09-29 11:28:47
416,Casablanca,/en/scores/archive/casablanca/360/2012/draws?matchtype=singles,2012,2012-04-09 00:00:00,2020-09-29 11:28:49
417,ATP Masters 1000 Monte Carlo,/en/scores/archive/monte-carlo/410/2012/draws?matchtype=singles,2012,2012-04-15 00:00:00,2020-09-29 11:28:52
418,Barcelona,/en/scores/archive/barcelona/425/2012/draws?matchtype=singles,2012,2012-04-23 00:00:00,2020-09-29 11:28:55
419,Bucharest,/en/scores/archive/bucharest/773/2012/draws?matchtype=singles,2012,2012-04-23 00:00:00,2020-09-29 11:28:57
420,Estoril,/en/scores/archive/estoril/468/2012/draws?matchtype=singles,2012,2012-04-30 00:00:00,2020-09-29 11:29:00
421,Munich,/en/scores/archive/munich/308/2012/draws?matchtype=singles,2012,2012-04-30 00:00:00,2020-09-29 11:29:02
422,Belgrade,/en/scores/archive/belgrade/5053/2012/draws?matchtype=singles,2012,2012-04-30 00:00:00,2020-09-29 11:29:04
423,ATP Masters 1000 Madrid,/en/scores/archive/madrid/1536/2012/draws?matchtype=singles,2012,2012-05-06 00:00:00,2020-09-29 11:29:07
424,ATP Masters 1000 Rome,/en/scores/archive/rome/416/2012/draws?matchtype=singles,2012,2012-05-13 00:00:00,2020-09-29 11:29:10
426,Nice,/en/scores/archive/nice/6120/2012/draws?matchtype=singles,2012,2012-05-20 00:00:00,2020-09-29 11:29:13
428,Halle,/en/scores/archive/halle/500/2012/draws?matchtype=singles,2012,2012-06-11 00:00:00,2020-09-29 11:29:20
429,London / Queens Club,/en/scores/archive/london/311/2012/draws?matchtype=singles,2012,2012-06-11 00:00:00,2020-09-29 11:29:23
430,s-Hertogenbosch,/en/scores/archive/s-hertogenbosch/440/2012/draws?matchtype=singles,2012,2012-06-17 00:00:00,2020-09-29 11:29:25
431,Eastbourne,/en/scores/archive/eastbourne/741/2012/draws?matchtype=singles,2012,2012-06-18 00:00:00,2020-09-29 11:29:27
432,Wimbledon,/en/scores/archive/wimbledon/540/2012/draws?matchtype=singles,2012,2012-06-25 00:00:00,2020-09-29 11:29:32
433,Newport,/en/scores/archive/newport/315/2012/draws?matchtype=singles,2012,2012-07-09 00:00:00,2020-09-29 11:29:34
434,Bastad,/en/scores/archive/bstad/316/2012/draws?matchtype=singles,2012,2012-07-09 00:00:00,2020-09-29 11:29:36
435,Stuttgart,/en/scores/archive/stuttgart/321/2012/draws?matchtype=singles,2012,2012-07-09 00:00:00,2020-09-29 11:29:38
436,Umag,/en/scores/archive/umag/439/2012/draws?matchtype=singles,2012,2012-07-09 00:00:00,2020-09-29 11:29:40
437,Hamburg,/en/scores/archive/hamburg/414/2012/draws?matchtype=singles,2012,2012-07-16 00:00:00,2020-09-29 11:29:42
438,Atlanta,/en/scores/archive/atlanta/6116/2012/draws?matchtype=singles,2012,2012-07-16 00:00:00,2020-09-29 11:29:44
440,Kitzbuhel,/en/scores/archive/kitzbuhel/319/2012/draws?matchtype=singles,2012,2012-07-22 00:00:00,2020-09-29 11:29:48
441,Los Angeles,/en/scores/archive/los-angeles/423/2012/draws?matchtype=singles,2012,2012-07-23 00:00:00,2020-09-29 11:29:50
442,London Olympics,/en/scores/archive/london/96/2012/draws?matchtype=singles,2012,2012-07-25 00:00:00,2020-09-29 11:29:53
443,Washington,/en/scores/archive/washington/418/2012/draws?matchtype=singles,2012,2012-07-30 00:00:00,2020-09-29 11:29:55
444,ATP Masters 1000 Canada,/en/scores/archive/toronto/421/2012/draws?matchtype=singles,2012,2012-08-06 00:00:00,2020-09-29 11:29:58
445,ATP Masters 1000 Cincinnati,/en/scores/archive/cincinnati/422/2012/draws?matchtype=singles,2012,2012-08-12 00:00:00,2020-09-29 11:30:01
446,Winston-Salem,/en/scores/archive/winston-salem/6242/2012/draws?matchtype=singles,2012,2012-08-19 00:00:00,2020-09-29 11:30:04
447,US Open,/en/scores/archive/us-open/560/2012/draws?matchtype=singles,2012,2012-08-27 00:00:00,2020-09-29 11:30:10
474,Memphis,/en/scores/archive/memphis/402/2013/draws?matchtype=singles,2013,2013-02-18 00:00:00,
449,Metz,/en/scores/archive/metz/341/2012/draws?matchtype=singles,2012,2012-09-17 00:00:00,2020-09-29 11:30:14
451,Bangkok,/en/scores/archive/bangkok/1720/2012/draws?matchtype=singles,2012,2012-09-24 00:00:00,2020-09-29 11:30:18
452,Beijing,/en/scores/archive/beijing/747/2012/draws?matchtype=singles,2012,2012-10-01 00:00:00,2020-09-29 11:30:20
453,Tokyo,/en/scores/archive/tokyo/329/2012/draws?matchtype=singles,2012,2012-10-01 00:00:00,2020-09-29 11:30:22
454,ATP Masters 1000 Shanghai,/en/scores/archive/shanghai/5014/2012/draws?matchtype=singles,2012,2012-10-07 00:00:00,2020-09-29 11:30:25
455,Moscow,/en/scores/archive/moscow/438/2012/draws?matchtype=singles,2012,2012-10-15 00:00:00,2020-09-29 11:30:27
456,Stockholm,/en/scores/archive/stockholm/429/2012/draws?matchtype=singles,2012,2012-10-15 00:00:00,2020-09-29 11:30:29
457,Vienna,/en/scores/archive/vienna/337/2012/draws?matchtype=singles,2012,2012-10-15 00:00:00,2020-09-29 11:30:31
458,Valencia,/en/scores/archive/valencia/573/2012/draws?matchtype=singles,2012,2012-10-21 00:00:00,2020-09-29 11:30:33
459,Basel,/en/scores/archive/basel/328/2012/draws?matchtype=singles,2012,2012-10-22 00:00:00,2020-09-29 11:30:35
461,ATP Finals,/en/scores/archive/atp-finals/605/2012/draws?matchtype=singles,2012,2012-11-05 00:00:00,2020-09-29 11:30:39
462,Brisbane,/en/scores/archive/brisbane/339/2013/draws?matchtype=singles,2013,2012-12-30 00:00:00,2020-09-29 11:30:41
463,Doha,/en/scores/archive/doha/451/2013/draws?matchtype=singles,2013,2012-12-31 00:00:00,2020-09-29 11:30:43
464,Chennai,/en/scores/archive/chennai/891/2013/draws?matchtype=singles,2013,2012-12-31 00:00:00,2020-09-29 11:30:45
465,Sydney,/en/scores/archive/sydney/338/2013/draws?matchtype=singles,2013,2013-01-07 00:00:00,2020-09-29 11:30:47
466,Auckland,/en/scores/archive/auckland/301/2013/draws?matchtype=singles,2013,2013-01-07 00:00:00,2020-09-29 11:30:49
467,Australian Open,/en/scores/archive/australian-open/580/2013/draws?matchtype=singles,2013,2013-01-14 00:00:00,2020-09-29 11:30:54
468,Montpellier,/en/scores/archive/montpellier/375/2013/draws?matchtype=singles,2013,2013-02-04 00:00:00,2020-09-29 11:30:57
469,Vina del Mar,/en/scores/archive/vina-del-mar/505/2013/draws?matchtype=singles,2013,2013-02-04 00:00:00,2020-09-29 11:30:59
470,Zagreb,/en/scores/archive/zagreb/2276/2013/draws?matchtype=singles,2013,2013-02-04 00:00:00,2020-09-29 11:31:01
471,Rotterdam,/en/scores/archive/rotterdam/407/2013/draws?matchtype=singles,2013,2013-02-11 00:00:00,2020-09-29 11:31:03
472,San Jose,/en/scores/archive/san-jose/424/2013/draws?matchtype=singles,2013,2013-02-11 00:00:00,2020-09-29 11:31:05
475,Marseille,/en/scores/archive/marseille/496/2013/draws?matchtype=singles,2013,2013-02-18 00:00:00,2020-09-29 11:31:11
476,Buenos Aires,/en/scores/archive/buenos-aires/506/2013/draws?matchtype=singles,2013,2013-02-18 00:00:00,2020-09-29 11:31:13
477,Dubai,/en/scores/archive/dubai/495/2013/draws?matchtype=singles,2013,2013-02-25 00:00:00,2020-09-29 11:31:15
478,Acapulco,/en/scores/archive/acapulco/807/2013/draws?matchtype=singles,2013,2013-02-25 00:00:00,2020-09-29 11:31:17
479,Delray Beach,/en/scores/archive/delray-beach/499/2013/draws?matchtype=singles,2013,2013-02-25 00:00:00,2020-09-29 11:31:19
480,ATP Masters 1000 Indian Wells,/en/scores/archive/indian-wells/404/2013/draws?matchtype=singles,2013,2013-03-07 00:00:00,2020-09-29 11:31:24
481,ATP Masters 1000 Miami,/en/scores/archive/miami/403/2013/draws?matchtype=singles,2013,2013-03-20 00:00:00,2020-09-29 11:31:30
482,Houston,/en/scores/archive/houston/717/2013/draws?matchtype=singles,2013,2013-04-08 00:00:00,2020-09-29 11:31:32
483,Casablanca,/en/scores/archive/casablanca/360/2013/draws?matchtype=singles,2013,2013-04-08 00:00:00,2020-09-29 11:31:34
485,Barcelona,/en/scores/archive/barcelona/425/2013/draws?matchtype=singles,2013,2013-04-22 00:00:00,2020-09-29 11:31:39
486,Bucharest,/en/scores/archive/bucharest/773/2013/draws?matchtype=singles,2013,2013-04-22 00:00:00,2020-09-29 11:31:41
487,Munich,/en/scores/archive/munich/308/2013/draws?matchtype=singles,2013,2013-04-29 00:00:00,2020-09-29 11:31:43
488,Oeiras,/en/scores/archive/oeiras/468/2013/draws?matchtype=singles,2013,2013-04-29 00:00:00,2020-09-29 11:31:45
489,ATP Masters 1000 Madrid,/en/scores/archive/madrid/1536/2013/draws?matchtype=singles,2013,2013-05-05 00:00:00,2020-09-29 11:31:48
490,ATP Masters 1000 Rome,/en/scores/archive/rome/416/2013/draws?matchtype=singles,2013,2013-05-12 00:00:00,2020-09-29 11:31:51
491,Dusseldorf,/en/scores/archive/dusseldorf/6710/2013/draws?matchtype=singles,2013,2013-05-19 00:00:00,2020-09-29 11:31:53
492,Nice,/en/scores/archive/nice/6120/2013/draws?matchtype=singles,2013,2013-05-19 00:00:00,2020-09-29 11:31:55
493,Roland Garros,/en/scores/archive/roland-garros/520/2013/draws?matchtype=singles,2013,2013-05-27 00:00:00,2020-09-29 11:32:00
494,Halle,/en/scores/archive/halle/500/2013/draws?matchtype=singles,2013,2013-06-10 00:00:00,2020-09-29 11:32:02
495,London / Queens Club,/en/scores/archive/london/311/2013/draws?matchtype=singles,2013,2013-06-10 00:00:00,2020-09-29 11:32:05
497,Eastbourne,/en/scores/archive/eastbourne/741/2013/draws?matchtype=singles,2013,2013-06-17 00:00:00,2020-09-29 11:32:09
498,Wimbledon,/en/scores/archive/wimbledon/540/2013/draws?matchtype=singles,2013,2013-06-24 00:00:00,2020-09-29 11:32:14
499,Newport,/en/scores/archive/newport/315/2013/draws?matchtype=singles,2013,2013-07-08 00:00:00,2020-09-29 11:32:16
500,Bastad,/en/scores/archive/bastad/316/2013/draws?matchtype=singles,2013,2013-07-08 00:00:00,2020-09-29 11:32:18
501,Stuttgart,/en/scores/archive/stuttgart/321/2013/draws?matchtype=singles,2013,2013-07-08 00:00:00,2020-09-29 11:32:20
502,Hamburg,/en/scores/archive/hamburg/414/2013/draws?matchtype=singles,2013,2013-07-15 00:00:00,2020-09-29 11:32:22
503,Bogota,/en/scores/archive/bogota/6718/2013/draws?matchtype=singles,2013,2013-07-15 00:00:00,2020-09-29 11:32:24
504,Atlanta,/en/scores/archive/atlanta/6116/2013/draws?matchtype=singles,2013,2013-07-22 00:00:00,2020-09-29 11:32:26
505,Gstaad,/en/scores/archive/gstaad/314/2013/draws?matchtype=singles,2013,2013-07-22 00:00:00,2020-09-29 11:32:28
506,Umag,/en/scores/archive/umag/439/2013/draws?matchtype=singles,2013,2013-07-22 00:00:00,2020-09-29 11:32:30
507,Kitzbuhel,/en/scores/archive/kitzbuhel/319/2013/draws?matchtype=singles,2013,2013-07-28 00:00:00,2020-09-29 11:32:32
509,ATP Masters 1000 Canada,/en/scores/archive/montreal/421/2013/draws?matchtype=singles,2013,2013-08-05 00:00:00,2020-09-29 11:32:38
510,ATP Masters 1000 Cincinnati,/en/scores/archive/cincinnati/422/2013/draws?matchtype=singles,2013,2013-08-11 00:00:00,2020-09-29 11:32:41
511,Winston-Salem,/en/scores/archive/winston-salem/6242/2013/draws?matchtype=singles,2013,2013-08-18 00:00:00,2020-09-29 11:32:44
512,US Open,/en/scores/archive/us-open/560/2013/draws?matchtype=singles,2013,2013-08-26 00:00:00,2020-09-29 11:32:49
513,St. Petersburg,/en/scores/archive/st-petersburg/568/2013/draws?matchtype=singles,2013,2013-09-16 00:00:00,2020-09-29 11:32:51
514,Metz,/en/scores/archive/metz/341/2013/draws?matchtype=singles,2013,2013-09-16 00:00:00,2020-09-29 11:32:53
515,Kuala Lumpur,/en/scores/archive/kuala-lumpur/6003/2013/draws?matchtype=singles,2013,2013-09-23 00:00:00,2020-09-29 11:32:54
517,Beijing,/en/scores/archive/beijing/747/2013/draws?matchtype=singles,2013,2013-09-30 00:00:00,2020-09-29 11:32:58
518,Tokyo,/en/scores/archive/tokyo/329/2013/draws?matchtype=singles,2013,2013-09-30 00:00:00,2020-09-29 11:33:00
520,Moscow,/en/scores/archive/moscow/438/2013/draws?matchtype=singles,2013,2013-10-14 00:00:00,2020-09-29 11:33:05
521,Stockholm,/en/scores/archive/stockholm/429/2013/draws?matchtype=singles,2013,2013-10-14 00:00:00,2020-09-29 11:33:07
522,Vienna,/en/scores/archive/vienna/337/2013/draws?matchtype=singles,2013,2013-10-14 00:00:00,2020-09-29 11:33:09
523,Valencia,/en/scores/archive/valencia/573/2013/draws?matchtype=singles,2013,2013-10-21 00:00:00,2020-09-29 11:33:11
524,Basel,/en/scores/archive/basel/328/2013/draws?matchtype=singles,2013,2013-10-21 00:00:00,2020-09-29 11:33:13
525,ATP Masters 1000 Paris,/en/scores/archive/paris/352/2013/draws?matchtype=singles,2013,2013-10-28 00:00:00,2020-09-29 11:33:16
526,ATP Finals,/en/scores/archive/atp-finals/605/2013/draws?matchtype=singles,2013,2013-11-04 00:00:00,2020-09-29 11:33:17
527,Brisbane,/en/scores/archive/brisbane/339/2014/draws?matchtype=singles,2014,2013-12-29 00:00:00,2020-09-29 11:33:19
528,Doha,/en/scores/archive/doha/451/2014/draws?matchtype=singles,2014,2013-12-30 00:00:00,2020-09-29 11:33:21
529,Chennai,/en/scores/archive/chennai/891/2014/draws?matchtype=singles,2014,2013-12-30 00:00:00,2020-09-29 11:33:24
531,Sydney,/en/scores/archive/sydney/338/2014/draws?matchtype=singles,2014,2014-01-06 00:00:00,2020-09-29 11:33:27
532,Australian Open,/en/scores/archive/australian-open/580/2014/draws?matchtype=singles,2014,2014-01-13 00:00:00,2020-09-29 11:33:33
533,Montpellier,/en/scores/archive/montpellier/375/2014/draws?matchtype=singles,2014,2014-02-03 00:00:00,2020-09-29 11:33:35
534,Vina del Mar,/en/scores/archive/vina-del-mar/505/2014/draws?matchtype=singles,2014,2014-02-03 00:00:00,2020-09-29 11:33:37
535,Zagreb,/en/scores/archive/zagreb/2276/2014/draws?matchtype=singles,2014,2014-02-03 00:00:00,2020-09-29 11:33:38
536,Rotterdam,/en/scores/archive/rotterdam/407/2014/draws?matchtype=singles,2014,2014-02-10 00:00:00,2020-09-29 11:33:40
537,Memphis,/en/scores/archive/memphis/424/2014/draws?matchtype=singles,2014,2014-02-10 00:00:00,2020-09-29 11:33:42
538,Buenos Aires,/en/scores/archive/buenos-aires/506/2014/draws?matchtype=singles,2014,2014-02-10 00:00:00,2020-09-29 11:33:44
540,Marseille,/en/scores/archive/marseille/496/2014/draws?matchtype=singles,2014,2014-02-17 00:00:00,2020-09-29 11:33:49
541,Delray Beach,/en/scores/archive/delray-beach/499/2014/draws?matchtype=singles,2014,2014-02-17 00:00:00,2020-09-29 11:33:50
542,Dubai,/en/scores/archive/dubai/495/2014/draws?matchtype=singles,2014,2014-02-24 00:00:00,2020-09-29 11:33:52
543,Acapulco,/en/scores/archive/acapulco/807/2014/draws?matchtype=singles,2014,2014-02-24 00:00:00,2020-09-29 11:33:54
544,Sao Paulo,/en/scores/archive/sao-paulo/533/2014/draws?matchtype=singles,2014,2014-02-24 00:00:00,2020-09-29 11:33:56
545,ATP Masters 1000 Indian Wells,/en/scores/archive/indian-wells/404/2014/draws?matchtype=singles,2014,2014-03-06 00:00:00,2020-09-29 11:34:02
546,ATP Masters 1000 Miami,/en/scores/archive/miami/403/2014/draws?matchtype=singles,2014,2014-03-19 00:00:00,2020-09-29 11:34:07
547,Houston,/en/scores/archive/houston/717/2014/draws?matchtype=singles,2014,2014-04-07 00:00:00,2020-09-29 11:34:09
548,Casablanca,/en/scores/archive/casablanca/360/2014/draws?matchtype=singles,2014,2014-04-07 00:00:00,2020-09-29 11:34:11
549,ATP Masters 1000 Monte Carlo,/en/scores/archive/monte-carlo/410/2014/draws?matchtype=singles,2014,2014-04-13 00:00:00,2020-09-29 11:34:14
550,Barcelona,/en/scores/archive/barcelona/425/2014/draws?matchtype=singles,2014,2014-04-21 00:00:00,2020-09-29 11:34:17
551,Bucharest,/en/scores/archive/bucharest/773/2014/draws?matchtype=singles,2014,2014-04-21 00:00:00,2020-09-29 11:34:19
553,Oeiras,/en/scores/archive/oeiras/468/2014/draws?matchtype=singles,2014,2014-04-28 00:00:00,2020-09-29 11:34:23
554,ATP Masters 1000 Madrid,/en/scores/archive/madrid/1536/2014/draws?matchtype=singles,2014,2014-05-04 00:00:00,2020-09-29 11:34:26
555,ATP Masters 1000 Rome,/en/scores/archive/rome/416/2014/draws?matchtype=singles,2014,2014-05-11 00:00:00,2020-09-29 11:34:29
556,Dusseldorf,/en/scores/archive/dusseldorf/6710/2014/draws?matchtype=singles,2014,2014-05-18 00:00:00,2020-09-29 11:34:30
557,Nice,/en/scores/archive/nice/6120/2014/draws?matchtype=singles,2014,2014-05-18 00:00:00,2020-09-29 11:34:32
558,Roland Garros,/en/scores/archive/roland-garros/520/2014/draws?matchtype=singles,2014,2014-05-26 00:00:00,2020-09-29 11:34:37
559,Halle,/en/scores/archive/halle/500/2014/draws?matchtype=singles,2014,2014-06-09 00:00:00,2020-09-29 11:34:39
560,London / Queens Club,/en/scores/archive/london/311/2014/draws?matchtype=singles,2014,2014-06-09 00:00:00,2020-09-29 11:34:42
562,Eastbourne,/en/scores/archive/eastbourne/741/2014/draws?matchtype=singles,2014,2014-06-16 00:00:00,2020-09-29 11:34:46
563,Wimbledon,/en/scores/archive/wimbledon/540/2014/draws?matchtype=singles,2014,2014-06-23 00:00:00,2020-09-29 11:34:52
564,Newport,/en/scores/archive/newport/315/2014/draws?matchtype=singles,2014,2014-07-07 00:00:00,2020-09-29 11:34:54
565,Bastad,/en/scores/archive/bastad/316/2014/draws?matchtype=singles,2014,2014-07-07 00:00:00,2020-09-29 11:34:55
566,Stuttgart,/en/scores/archive/stuttgart/321/2014/draws?matchtype=singles,2014,2014-07-07 00:00:00,2020-09-29 11:34:58
567,Hamburg,/en/scores/archive/hamburg/414/2014/draws?matchtype=singles,2014,2014-07-14 00:00:00,2020-09-29 11:35:01
568,Bogota,/en/scores/archive/bogota/6718/2014/draws?matchtype=singles,2014,2014-07-14 00:00:00,2020-09-29 11:35:02
569,Atlanta,/en/scores/archive/atlanta/6116/2014/draws?matchtype=singles,2014,2014-07-21 00:00:00,2020-09-29 11:35:04
570,Gstaad,/en/scores/archive/gstaad/314/2014/draws?matchtype=singles,2014,2014-07-21 00:00:00,2020-09-29 11:35:06
571,Umag,/en/scores/archive/umag/439/2014/draws?matchtype=singles,2014,2014-07-21 00:00:00,2020-09-29 11:35:08
572,Kitzbuhel,/en/scores/archive/kitzbuhel/319/2014/draws?matchtype=singles,2014,2014-07-27 00:00:00,2020-09-29 11:35:10
574,ATP Masters 1000 Canada,/en/scores/archive/toronto/421/2014/draws?matchtype=singles,2014,2014-08-04 00:00:00,2020-09-29 11:35:16
575,ATP Masters 1000 Cincinnati,/en/scores/archive/cincinnati/422/2014/draws?matchtype=singles,2014,2014-08-10 00:00:00,2020-09-29 11:35:19
576,Winston-Salem,/en/scores/archive/winston-salem/6242/2014/draws?matchtype=singles,2014,2014-08-17 00:00:00,2020-09-29 11:35:22
577,US Open,/en/scores/archive/us-open/560/2014/draws?matchtype=singles,2014,2014-08-25 00:00:00,2020-09-29 11:35:27
578,Metz,/en/scores/archive/metz/341/2014/draws?matchtype=singles,2014,2014-09-15 00:00:00,2020-09-29 11:35:29
579,Kuala Lumpur,/en/scores/archive/kuala-lumpur/6003/2014/draws?matchtype=singles,2014,2014-09-22 00:00:00,2020-09-29 11:35:31
580,Shenzhen,/en/scores/archive/shenzhen/6967/2014/draws?matchtype=singles,2014,2014-09-22 00:00:00,2020-09-29 11:35:33
581,Beijing,/en/scores/archive/beijing/747/2014/draws?matchtype=singles,2014,2014-09-29 00:00:00,2020-09-29 11:35:35
582,Tokyo,/en/scores/archive/tokyo/329/2014/draws?matchtype=singles,2014,2014-09-29 00:00:00,2020-09-29 11:35:37
590,ATP Finals,/en/scores/archive/atp-finals/605/2014/draws?matchtype=singles,2014,2014-11-09 00:00:00,
585,Stockholm,/en/scores/archive/stockholm/429/2014/draws?matchtype=singles,2014,2014-10-13 00:00:00,2020-09-29 11:35:43
586,Vienna,/en/scores/archive/vienna/337/2014/draws?matchtype=singles,2014,2014-10-13 00:00:00,2020-09-29 11:35:45
588,Basel,/en/scores/archive/basel/328/2014/draws?matchtype=singles,2014,2014-10-20 00:00:00,2020-09-29 11:35:49
589,ATP Masters 1000 Paris,/en/scores/archive/paris/352/2014/draws?matchtype=singles,2014,2014-10-27 00:00:00,2020-09-29 11:35:52
591,Brisbane,/en/scores/archive/brisbane/339/2015/draws?matchtype=singles,2015,2015-01-04 00:00:00,2020-09-29 11:35:55
592,Doha,/en/scores/archive/doha/451/2015/draws?matchtype=singles,2015,2015-01-05 00:00:00,2020-09-29 11:35:57
593,Chennai,/en/scores/archive/chennai/891/2015/draws?matchtype=singles,2015,2015-01-05 00:00:00,2020-09-29 11:35:59
594,Sydney,/en/scores/archive/sydney/338/2015/draws?matchtype=singles,2015,2015-01-11 00:00:00,2020-09-29 11:36:01
595,Auckland,/en/scores/archive/auckland/301/2015/draws?matchtype=singles,2015,2015-01-12 00:00:00,2020-09-29 11:36:03
596,Australian Open,/en/scores/archive/australian-open/580/2015/draws?matchtype=singles,2015,2015-01-19 00:00:00,2020-09-29 11:36:08
598,Quito,/en/scores/archive/quito/7161/2015/draws?matchtype=singles,2015,2015-02-02 00:00:00,2020-09-29 11:36:12
599,Zagreb,/en/scores/archive/zagreb/2276/2015/draws?matchtype=singles,2015,2015-02-02 00:00:00,2020-09-29 11:36:14
600,Rotterdam,/en/scores/archive/rotterdam/407/2015/draws?matchtype=singles,2015,2015-02-09 00:00:00,2020-09-29 11:36:16
601,Memphis,/en/scores/archive/memphis/424/2015/draws?matchtype=singles,2015,2015-02-09 00:00:00,2020-09-29 11:36:18
602,Sao Paulo,/en/scores/archive/sao-paulo/533/2015/draws?matchtype=singles,2015,2015-02-09 00:00:00,2020-09-29 11:36:20
603,Rio de Janeiro,/en/scores/archive/rio-de-janeiro/6932/2015/draws?matchtype=singles,2015,2015-02-16 00:00:00,2020-09-29 11:36:22
604,Marseille,/en/scores/archive/marseille/496/2015/draws?matchtype=singles,2015,2015-02-16 00:00:00,2020-09-29 11:36:24
605,Delray Beach,/en/scores/archive/delray-beach/499/2015/draws?matchtype=singles,2015,2015-02-16 00:00:00,2020-09-29 11:36:25
606,Dubai,/en/scores/archive/dubai/495/2015/draws?matchtype=singles,2015,2015-02-23 00:00:00,2020-09-29 11:36:27
607,Acapulco,/en/scores/archive/acapulco/807/2015/draws?matchtype=singles,2015,2015-02-23 00:00:00,2020-09-29 11:36:29
609,ATP Masters 1000 Indian Wells,/en/scores/archive/indian-wells/404/2015/draws?matchtype=singles,2015,2015-03-12 00:00:00,2020-09-29 11:36:37
610,ATP Masters 1000 Miami,/en/scores/archive/miami/403/2015/draws?matchtype=singles,2015,2015-03-25 00:00:00,2020-09-29 11:36:42
611,Houston,/en/scores/archive/houston/717/2015/draws?matchtype=singles,2015,2015-04-06 00:00:00,2020-09-29 11:36:44
612,Casablanca,/en/scores/archive/casablanca/360/2015/draws?matchtype=singles,2015,2015-04-06 00:00:00,2020-09-29 11:36:46
613,ATP Masters 1000 Monte Carlo,/en/scores/archive/monte-carlo/410/2015/draws?matchtype=singles,2015,2015-04-12 00:00:00,2020-09-29 11:36:49
614,Barcelona,/en/scores/archive/barcelona/425/2015/draws?matchtype=singles,2015,2015-04-20 00:00:00,2020-09-29 11:36:52
615,Bucharest,/en/scores/archive/bucharest/773/2015/draws?matchtype=singles,2015,2015-04-20 00:00:00,2020-09-29 11:36:54
616,Estoril,/en/scores/archive/estoril/7290/2015/draws?matchtype=singles,2015,2015-04-27 00:00:00,2020-09-29 11:36:56
617,Istanbul,/en/scores/archive/istanbul/7163/2015/draws?matchtype=singles,2015,2015-04-27 00:00:00,2020-09-29 11:36:57
618,Munich,/en/scores/archive/munich/308/2015/draws?matchtype=singles,2015,2015-04-27 00:00:00,2020-09-29 11:36:59
620,ATP Masters 1000 Rome,/en/scores/archive/rome/416/2015/draws?matchtype=singles,2015,2015-05-10 00:00:00,2020-09-29 11:37:06
621,Geneva,/en/scores/archive/geneva/322/2015/draws?matchtype=singles,2015,2015-05-17 00:00:00,2020-09-29 11:37:07
622,Nice,/en/scores/archive/nice/6120/2015/draws?matchtype=singles,2015,2015-05-17 00:00:00,2020-09-29 11:37:09
623,Roland Garros,/en/scores/archive/roland-garros/520/2015/draws?matchtype=singles,2015,2015-05-24 00:00:00,2020-09-29 11:38:55
624,Stuttgart,/en/scores/archive/stuttgart/321/2015/draws?matchtype=singles,2015,2015-06-08 00:00:00,2020-09-29 11:38:57
625,s-Hertogenbosch,/en/scores/archive/s-hertogenbosch/440/2015/draws?matchtype=singles,2015,2015-06-08 00:00:00,2020-09-29 11:38:59
626,Halle,/en/scores/archive/halle/500/2015/draws?matchtype=singles,2015,2015-06-15 00:00:00,2020-09-29 11:39:01
627,London / Queens Club,/en/scores/archive/london/311/2015/draws?matchtype=singles,2015,2015-06-15 00:00:00,2020-09-29 11:39:02
628,Nottingham,/en/scores/archive/nottingham/741/2015/draws?matchtype=singles,2015,2015-06-21 00:00:00,2020-09-29 11:39:05
629,Wimbledon,/en/scores/archive/wimbledon/540/2015/draws?matchtype=singles,2015,2015-06-29 00:00:00,2020-09-29 11:39:11
630,Newport,/en/scores/archive/newport/315/2015/draws?matchtype=singles,2015,2015-07-13 00:00:00,2020-09-29 11:39:13
631,Bogota,/en/scores/archive/bogota/6718/2015/draws?matchtype=singles,2015,2015-07-20 00:00:00,2020-09-29 11:39:14
633,Umag,/en/scores/archive/umag/439/2015/draws?matchtype=singles,2015,2015-07-20 00:00:00,2020-09-29 11:39:18
634,Hamburg,/en/scores/archive/hamburg/414/2015/draws?matchtype=singles,2015,2015-07-27 00:00:00,2020-09-29 11:39:20
635,Atlanta,/en/scores/archive/atlanta/6116/2015/draws?matchtype=singles,2015,2015-07-27 00:00:00,2020-09-29 11:39:22
636,Gstaad,/en/scores/archive/gstaad/314/2015/draws?matchtype=singles,2015,2015-07-27 00:00:00,2020-09-29 11:39:24
637,Washington,/en/scores/archive/washington/418/2015/draws?matchtype=singles,2015,2015-08-03 00:00:00,2020-09-29 11:39:27
638,Kitzbuhel,/en/scores/archive/kitzbuhel/319/2015/draws?matchtype=singles,2015,2015-08-03 00:00:00,2020-09-29 11:39:29
639,ATP Masters 1000 Canada,/en/scores/archive/montreal/421/2015/draws?matchtype=singles,2015,2015-08-10 00:00:00,2020-09-29 11:39:32
641,Winston-Salem,/en/scores/archive/winston-salem/6242/2015/draws?matchtype=singles,2015,2015-08-23 00:00:00,2020-09-29 11:39:38
642,US Open,/en/scores/archive/us-open/560/2015/draws?matchtype=singles,2015,2015-08-31 00:00:00,2020-09-29 11:39:43
643,St. Petersburg,/en/scores/archive/st-petersburg/568/2015/draws?matchtype=singles,2015,2015-09-21 00:00:00,2020-09-29 11:39:45
644,Metz,/en/scores/archive/metz/341/2015/draws?matchtype=singles,2015,2015-09-21 00:00:00,2020-09-29 11:39:47
645,Kuala Lumpur,/en/scores/archive/kuala-lumpur/6003/2015/draws?matchtype=singles,2015,2015-09-28 00:00:00,2020-09-29 11:39:49
646,Shenzhen,/en/scores/archive/shenzhen/6967/2015/draws?matchtype=singles,2015,2015-09-28 00:00:00,2020-09-29 11:39:51
647,Beijing,/en/scores/archive/beijing/747/2015/draws?matchtype=singles,2015,2015-10-05 00:00:00,2020-09-29 11:39:52
648,Tokyo,/en/scores/archive/tokyo/329/2015/draws?matchtype=singles,2015,2015-10-05 00:00:00,2020-09-29 11:39:54
649,ATP Masters 1000 Shanghai,/en/scores/archive/shanghai/5014/2015/draws?matchtype=singles,2015,2015-10-11 00:00:00,2020-09-29 11:39:57
650,Vienna,/en/scores/archive/vienna/337/2015/draws?matchtype=singles,2015,2015-10-19 00:00:00,2020-09-29 11:39:59
651,Moscow,/en/scores/archive/moscow/438/2015/draws?matchtype=singles,2015,2015-10-19 00:00:00,2020-09-29 11:40:01
653,Basel,/en/scores/archive/basel/328/2015/draws?matchtype=singles,2015,2015-10-26 00:00:00,2020-09-29 11:40:05
654,Valencia,/en/scores/archive/valencia/573/2015/draws?matchtype=singles,2015,2015-10-26 00:00:00,2020-09-29 11:40:07
656,ATP Finals,/en/scores/archive/atp-finals/605/2015/draws?matchtype=singles,2015,2015-11-15 00:00:00,2020-09-29 11:40:11
657,Doha,/en/scores/archive/doha/451/2016/draws?matchtype=singles,2016,2016-01-04 00:00:00,2020-09-29 11:40:13
658,Chennai,/en/scores/archive/chennai/891/2016/draws?matchtype=singles,2016,2016-01-04 00:00:00,2020-09-29 11:40:15
659,Brisbane,/en/scores/archive/brisbane/339/2016/draws?matchtype=singles,2016,2016-01-04 00:00:00,2020-09-29 11:40:17
660,Auckland,/en/scores/archive/auckland/301/2016/draws?matchtype=singles,2016,2016-01-11 00:00:00,2020-09-29 11:40:19
661,Sydney,/en/scores/archive/sydney/338/2016/draws?matchtype=singles,2016,2016-01-11 00:00:00,2020-09-29 11:40:21
662,Australian Open,/en/scores/archive/australian-open/580/2016/draws?matchtype=singles,2016,2016-01-18 00:00:00,2020-09-29 11:40:27
663,Montpellier,/en/scores/archive/montpellier/375/2016/draws?matchtype=singles,2016,2016-02-01 00:00:00,2020-09-29 11:40:29
664,Quito,/en/scores/archive/quito/7161/2016/draws?matchtype=singles,2016,2016-02-01 00:00:00,2020-09-29 11:40:31
665,Sofia,/en/scores/archive/sofia/7434/2016/draws?matchtype=singles,2016,2016-02-01 00:00:00,2020-09-29 11:40:33
667,Memphis,/en/scores/archive/memphis/424/2016/draws?matchtype=singles,2016,2016-02-08 00:00:00,2020-09-29 11:40:37
668,Buenos Aires,/en/scores/archive/buenos-aires/506/2016/draws?matchtype=singles,2016,2016-02-08 00:00:00,2020-09-29 11:40:39
669,Rio de Janeiro,/en/scores/archive/rio-de-janeiro/6932/2016/draws?matchtype=singles,2016,2016-02-15 00:00:00,2020-09-29 11:40:41
670,Marseille,/en/scores/archive/marseille/496/2016/draws?matchtype=singles,2016,2016-02-15 00:00:00,2020-09-29 11:40:43
671,Delray Beach,/en/scores/archive/delray-beach/499/2016/draws?matchtype=singles,2016,2016-02-15 00:00:00,2020-09-29 11:40:45
672,Dubai,/en/scores/archive/dubai/495/2016/draws?matchtype=singles,2016,2016-02-22 00:00:00,2020-09-29 11:40:47
673,Acapulco,/en/scores/archive/acapulco/807/2016/draws?matchtype=singles,2016,2016-02-22 00:00:00,2020-09-29 11:40:49
674,Sao Paulo,/en/scores/archive/sao-paulo/533/2016/draws?matchtype=singles,2016,2016-02-22 00:00:00,2020-09-29 11:40:51
676,ATP Masters 1000 Miami,/en/scores/archive/miami/403/2016/draws?matchtype=singles,2016,2016-03-23 00:00:00,2020-09-29 11:41:01
677,Houston,/en/scores/archive/houston/717/2016/draws?matchtype=singles,2016,2016-04-04 00:00:00,2020-09-29 11:41:03
678,Marrakech,/en/scores/archive/marrakech/360/2016/draws?matchtype=singles,2016,2016-04-04 00:00:00,2020-09-29 11:41:05
679,ATP Masters 1000 Monte Carlo,/en/scores/archive/monte-carlo/410/2016/draws?matchtype=singles,2016,2016-04-10 00:00:00,2020-09-29 11:41:08
680,Barcelona,/en/scores/archive/barcelona/425/2016/draws?matchtype=singles,2016,2016-04-18 00:00:00,2020-09-29 11:41:11
681,Bucharest,/en/scores/archive/bucharest/773/2016/draws?matchtype=singles,2016,2016-04-18 00:00:00,2020-09-29 11:41:13
682,Estoril,/en/scores/archive/estoril/7290/2016/draws?matchtype=singles,2016,2016-04-25 00:00:00,2020-09-29 11:41:15
683,Munich,/en/scores/archive/munich/308/2016/draws?matchtype=singles,2016,2016-04-25 00:00:00,2020-09-29 11:41:17
684,Istanbul,/en/scores/archive/istanbul/7163/2016/draws?matchtype=singles,2016,2016-04-25 00:00:00,2020-09-29 11:41:19
685,ATP Masters 1000 Madrid,/en/scores/archive/madrid/1536/2016/draws?matchtype=singles,2016,2016-05-01 00:00:00,2020-09-29 11:41:23
686,ATP Masters 1000 Rome,/en/scores/archive/rome/416/2016/draws?matchtype=singles,2016,2016-05-08 00:00:00,2020-09-29 11:41:26
687,Geneva,/en/scores/archive/geneva/322/2016/draws?matchtype=singles,2016,2016-05-15 00:00:00,2020-09-29 11:41:27
688,Nice,/en/scores/archive/nice/6120/2016/draws?matchtype=singles,2016,2016-05-15 00:00:00,2020-09-29 11:41:29
690,Stuttgart,/en/scores/archive/stuttgart/321/2016/draws?matchtype=singles,2016,2016-06-06 00:00:00,2020-09-29 11:41:36
691,s-Hertogenbosch,/en/scores/archive/s-hertogenbosch/440/2016/draws?matchtype=singles,2016,2016-06-06 00:00:00,2020-09-29 11:41:39
692,London / Queens Club,/en/scores/archive/london/311/2016/draws?matchtype=singles,2016,2016-06-13 00:00:00,2020-09-29 11:41:41
693,Halle,/en/scores/archive/halle/500/2016/draws?matchtype=singles,2016,2016-06-13 00:00:00,2020-09-29 11:41:43
694,Nottingham,/en/scores/archive/nottingham/741/2016/draws?matchtype=singles,2016,2016-06-19 00:00:00,2020-09-29 11:41:46
695,Wimbledon,/en/scores/archive/wimbledon/540/2016/draws?matchtype=singles,2016,2016-06-27 00:00:00,2020-09-29 11:41:51
696,Hamburg,/en/scores/archive/hamburg/414/2016/draws?matchtype=singles,2016,2016-07-11 00:00:00,2020-09-29 11:41:52
697,Newport,/en/scores/archive/newport/315/2016/draws?matchtype=singles,2016,2016-07-11 00:00:00,2020-09-29 11:41:55
698,Bastad,/en/scores/archive/bastad/316/2016/draws?matchtype=singles,2016,2016-07-11 00:00:00,2020-09-29 11:41:56
700,Gstaad,/en/scores/archive/gstaad/314/2016/draws?matchtype=singles,2016,2016-07-18 00:00:00,2020-09-29 11:42:02
701,Kitzbuhel,/en/scores/archive/kitzbuhel/319/2016/draws?matchtype=singles,2016,2016-07-18 00:00:00,2020-09-29 11:42:04
702,Umag,/en/scores/archive/umag/439/2016/draws?matchtype=singles,2016,2016-07-18 00:00:00,2020-09-29 11:42:06
703,ATP Masters 1000 Canada,/en/scores/archive/toronto/421/2016/draws?matchtype=singles,2016,2016-07-25 00:00:00,2020-09-29 11:42:09
704,Atlanta,/en/scores/archive/atlanta/6116/2016/draws?matchtype=singles,2016,2016-08-01 00:00:00,2020-09-29 11:42:11
705,Rio Olympics,/en/scores/archive/rio-de-janeiro/96/2016/draws?matchtype=singles,2016,2016-08-04 00:00:00,2020-09-29 11:42:14
706,Los Cabos,/en/scores/archive/los-cabos/7480/2016/draws?matchtype=singles,2016,2016-08-08 00:00:00,2020-09-29 11:42:16
707,ATP Masters 1000 Cincinnati,/en/scores/archive/cincinnati/422/2016/draws?matchtype=singles,2016,2016-08-14 00:00:00,2020-09-29 11:42:19
708,Winston-Salem,/en/scores/archive/winston-salem/6242/2016/draws?matchtype=singles,2016,2016-08-21 00:00:00,2020-09-29 11:42:22
709,US Open,/en/scores/archive/us-open/560/2016/draws?matchtype=singles,2016,2016-08-29 00:00:00,2020-09-29 11:42:27
711,Metz,/en/scores/archive/metz/341/2016/draws?matchtype=singles,2016,2016-09-19 00:00:00,2020-09-29 11:42:31
712,Chengdu,/en/scores/archive/chengdu/7581/2016/draws?matchtype=singles,2016,2016-09-26 00:00:00,2020-09-29 11:42:34
713,Shenzhen,/en/scores/archive/shenzhen/6967/2016/draws?matchtype=singles,2016,2016-09-26 00:00:00,2020-09-29 11:42:36
714,Beijing,/en/scores/archive/beijing/747/2016/draws?matchtype=singles,2016,2016-10-03 00:00:00,2020-09-29 11:42:38
715,Tokyo,/en/scores/archive/tokyo/329/2016/draws?matchtype=singles,2016,2016-10-03 00:00:00,2020-09-29 11:42:40
716,ATP Masters 1000 Shanghai,/en/scores/archive/shanghai/5014/2016/draws?matchtype=singles,2016,2016-10-09 00:00:00,2020-09-29 11:42:43
717,Moscow,/en/scores/archive/moscow/438/2016/draws?matchtype=singles,2016,2016-10-17 00:00:00,2020-09-29 11:42:45
718,Antwerp,/en/scores/archive/antwerp/7485/2016/draws?matchtype=singles,2016,2016-10-17 00:00:00,2020-09-29 11:42:47
719,Stockholm,/en/scores/archive/stockholm/429/2016/draws?matchtype=singles,2016,2016-10-17 00:00:00,2020-09-29 11:42:49
723,ATP Finals,/en/scores/archive/atp-finals/605/2016/draws?matchtype=singles,2016,2016-11-13 00:00:00,
263,Brisbane,/en/scores/archive/brisbane/339/2010/draws?matchtype=singles,2010,2010-01-03 00:00:00,2020-09-29 11:22:30
268,Australian Open,/en/scores/archive/australian-open/580/2010/draws?matchtype=singles,2010,2010-01-18 00:00:00,2020-09-29 11:22:43
281,ATP Masters 1000 Indian Wells,/en/scores/archive/indian-wells/404/2010/draws?matchtype=singles,2010,2010-03-11 00:00:00,2020-09-29 11:23:15
294,Roland Garros,/en/scores/archive/roland-garros/520/2010/draws?matchtype=singles,2010,2010-05-24 00:00:00,2020-09-29 11:23:51
306,Los Angeles,/en/scores/archive/los-angeles/423/2010/draws?matchtype=singles,2010,2010-07-26 00:00:00,2020-09-29 11:24:20
312,US Open,/en/scores/archive/us-open/560/2010/draws?matchtype=singles,2010,2010-08-30 00:00:00,2020-09-29 11:24:39
313,Metz,/en/scores/archive/metz/341/2010/draws?matchtype=singles,2010,2010-09-20 00:00:00,2020-09-29 11:24:41
322,St. Petersburg,/en/scores/archive/st-petersburg/568/2010/draws?matchtype=singles,2010,2010-10-25 00:00:00,2020-09-29 11:25:01
334,Australian Open,/en/scores/archive/australian-open/580/2011/draws?matchtype=singles,2011,2011-01-17 00:00:00,2020-09-29 11:25:28
346,Delray Beach,/en/scores/archive/delray-beach/499/2011/draws?matchtype=singles,2011,2011-02-21 00:00:00,2020-09-29 11:25:51
356,ATP Masters 1000 Madrid,/en/scores/archive/madrid/1536/2011/draws?matchtype=singles,2011,2011-05-01 00:00:00,2020-09-29 11:26:20
370,Atlanta,/en/scores/archive/atlanta/6116/2011/draws?matchtype=singles,2011,2011-07-18 00:00:00,2020-09-29 11:26:55
380,Metz,/en/scores/archive/metz/341/2011/draws?matchtype=singles,2011,2011-09-19 00:00:00,2020-09-29 11:27:24
381,Bucharest,/en/scores/archive/bucharest/773/2011/draws?matchtype=singles,2011,2011-09-19 00:00:00,2020-09-29 11:27:26
391,Valencia,/en/scores/archive/valencia/573/2011/draws?matchtype=singles,2011,2011-10-31 00:00:00,2020-09-29 11:27:47
402,Vina del Mar,/en/scores/archive/vina-del-mar/505/2012/draws?matchtype=singles,2012,2012-01-30 00:00:00,2020-09-29 11:28:13
413,ATP Masters 1000 Indian Wells,/en/scores/archive/indian-wells/404/2012/draws?matchtype=singles,2012,2012-03-08 00:00:00,2020-09-29 11:28:40
427,Roland Garros,/en/scores/archive/roland-garros/520/2012/draws?matchtype=singles,2012,2012-05-27 00:00:00,2020-09-29 11:29:18
439,Gstaad,/en/scores/archive/gstaad/314/2012/draws?matchtype=singles,2012,2012-07-16 00:00:00,2020-09-29 11:29:46
448,St. Petersburg,/en/scores/archive/st-petersburg/568/2012/draws?matchtype=singles,2012,2012-09-17 00:00:00,2020-09-29 11:30:12
450,Kuala Lumpur,/en/scores/archive/kuala-lumpur/6003/2012/draws?matchtype=singles,2012,2012-09-24 00:00:00,2020-09-29 11:30:16
460,ATP Masters 1000 Paris,/en/scores/archive/paris/352/2012/draws?matchtype=singles,2012,2012-10-29 00:00:00,2020-09-29 11:30:38
473,Sao Paulo,/en/scores/archive/sao-paulo/533/2013/draws?matchtype=singles,2013,2013-02-11 00:00:00,2020-09-29 11:31:06
484,ATP Masters 1000 Monte Carlo,/en/scores/archive/monte-carlo/410/2013/draws?matchtype=singles,2013,2013-04-14 00:00:00,2020-09-29 11:31:36
496,s-Hertogenbosch,/en/scores/archive/s-hertogenbosch/440/2013/draws?matchtype=singles,2013,2013-06-16 00:00:00,2020-09-29 11:32:07
508,Washington,/en/scores/archive/washington/418/2013/draws?matchtype=singles,2013,2013-07-29 00:00:00,2020-09-29 11:32:35
516,Bangkok,/en/scores/archive/bangkok/1720/2013/draws?matchtype=singles,2013,2013-09-23 00:00:00,2020-09-29 11:32:56
519,ATP Masters 1000 Shanghai,/en/scores/archive/shanghai/5014/2013/draws?matchtype=singles,2013,2013-10-07 00:00:00,2020-09-29 11:33:03
530,Auckland,/en/scores/archive/auckland/301/2014/draws?matchtype=singles,2014,2014-01-06 00:00:00,2020-09-29 11:33:25
539,Rio de Janeiro,/en/scores/archive/rio-de-janeiro/6932/2014/draws?matchtype=singles,2014,2014-02-17 00:00:00,2020-09-29 11:33:46
552,Munich,/en/scores/archive/munich/308/2014/draws?matchtype=singles,2014,2014-04-28 00:00:00,2020-09-29 11:34:21
561,s-Hertogenbosch,/en/scores/archive/s-hertogenbosch/440/2014/draws?matchtype=singles,2014,2014-06-15 00:00:00,2020-09-29 11:34:44
573,Washington,/en/scores/archive/washington/418/2014/draws?matchtype=singles,2014,2014-07-28 00:00:00,2020-09-29 11:35:13
583,ATP Masters 1000 Shanghai,/en/scores/archive/shanghai/5014/2014/draws?matchtype=singles,2014,2014-10-05 00:00:00,2020-09-29 11:35:40
584,Moscow,/en/scores/archive/moscow/438/2014/draws?matchtype=singles,2014,2014-10-13 00:00:00,2020-09-29 11:35:42
587,Valencia,/en/scores/archive/valencia/573/2014/draws?matchtype=singles,2014,2014-10-20 00:00:00,2020-09-29 11:35:47
597,Montpellier,/en/scores/archive/montpellier/375/2015/draws?matchtype=singles,2015,2015-02-02 00:00:00,2020-09-29 11:36:10
608,Buenos Aires,/en/scores/archive/buenos-aires/506/2015/draws?matchtype=singles,2015,2015-02-23 00:00:00,2020-09-29 11:36:31
619,ATP Masters 1000 Madrid,/en/scores/archive/madrid/1536/2015/draws?matchtype=singles,2015,2015-05-03 00:00:00,2020-09-29 11:37:03
632,Bastad,/en/scores/archive/bastad/316/2015/draws?matchtype=singles,2015,2015-07-20 00:00:00,2020-09-29 11:39:16
640,ATP Masters 1000 Cincinnati,/en/scores/archive/cincinnati/422/2015/draws?matchtype=singles,2015,2015-08-16 00:00:00,2020-09-29 11:39:35
652,Stockholm,/en/scores/archive/stockholm/429/2015/draws?matchtype=singles,2015,2015-10-19 00:00:00,2020-09-29 11:40:03
655,ATP Masters 1000 Paris,/en/scores/archive/paris/352/2015/draws?matchtype=singles,2015,2015-11-02 00:00:00,2020-09-29 11:40:10
666,Rotterdam,/en/scores/archive/rotterdam/407/2016/draws?matchtype=singles,2016,2016-02-08 00:00:00,2020-09-29 11:40:35
675,ATP Masters 1000 Indian Wells,/en/scores/archive/indian-wells/404/2016/draws?matchtype=singles,2016,2016-03-10 00:00:00,2020-09-29 11:40:56
689,Roland Garros,/en/scores/archive/roland-garros/520/2016/draws?matchtype=singles,2016,2016-05-22 00:00:00,2020-09-29 11:41:34
699,Washington,/en/scores/archive/washington/418/2016/draws?matchtype=singles,2016,2016-07-18 00:00:00,2020-09-29 11:42:00
710,St. Petersburg,/en/scores/archive/st-petersburg/568/2016/draws?matchtype=singles,2016,2016-09-19 00:00:00,2020-09-29 11:42:30
720,Vienna,/en/scores/archive/vienna/337/2016/draws?matchtype=singles,2016,2016-10-24 00:00:00,2020-09-29 11:42:51
721,Basel,/en/scores/archive/basel/328/2016/draws?matchtype=singles,2016,2016-10-24 00:00:00,2020-09-29 11:42:53
722,ATP Masters 1000 Paris,/en/scores/archive/paris/352/2016/draws?matchtype=singles,2016,2016-10-31 00:00:00,2020-09-29 11:42:56
729,Sardinia,/en/scores/current/sardinia/9408/draws?matchtype=singles,2020,2020-10-12 00:00:00,2020-10-15 01:30:09
725,Tokyo,/en/scores/archive/tokyo/329/2019/draws?matchtype=singles,2020,2020-10-05 00:00:00,2020-10-15 01:30:11
728,Cologne 1,/en/scores/current/cologne/9404/draws?matchtype=singles,2020,2020-10-12 00:00:00,2020-10-15 01:30:14
726,ATP Masters 1000 Shanghai,/en/scores/archive/shanghai/5014/2019/draws?matchtype=singles,2020,2020-10-11 00:00:00,2020-10-15 01:30:17
727,St. Petersburg,/en/scores/current/st-petersburg/568/draws?matchtype=singles,2020,2020-10-12 00:00:00,2020-10-15 01:30:20
724,Beijing,/en/scores/archive/beijing/747/2019/draws?matchtype=singles,2020,2020-10-05 00:00:00,2020-10-15 01:30:06
